"LIBRARYREFERENCE","FOOTPRINT1","FOOTPRINT2","CATEGORY","CLASS","COMMENT","DIELECTRIC","DIELETRIC","MANUFACTURER","MOUNT TYPE","SUPPLIER 1","SUPPLIER 2","SUPPLIER 3","SUPPLIER 4","SUPPLIER 5","SUPPLIER PART NUMBER","SUPPLIER PART NUMBER 1","SUPPLIER PART NUMBER 2","SUPPLIER PART NUMBER 3","SUPPLIER PART NUMBER 4","SUPPLIER PART NUMBER 5","TOLERANCE","VALUE","VOLTAGE","SHEETPART","DESIGNATOR","DESCRIPTION"
"*MODEL_CAP_NO_POL","","","*","","Part Number","*","","*","*","","","","","","","","","","","","","xxyF","xxV","*","C?","Description"
"*MODEL_CAP_POL","","","*","","Part Number","","","*","*","","","","","","","","","","","","","xxyF","xxV","*","C?","Description"
"06033C104JAT2A","C0603_MD","","Ceramic","","06033C104JAT2A","X7R","","AVX","SMD","Digi-Key","Allied","Farnell","Mouser","Newark","","478-3713-1-ND","70001398","1740614","581-06033C104JAT2A","55J3913","","0.1uF","25V","*","C?","CAP CER 0.1UF 25V 5% X7R 0603"
"06035A180JAT2A","C0603_MD","","Capacitor","","06035A180JAT2A","","","AVX Corporation","SMD","Newark","Newark","Farnell","Digi-Key","","","90R7639","17C6481","1710190","478-1166-6-ND","","","18pF","50V","*","C?","CAP CER 18PF 50V C0G/NP0 0603"
"08051C223JAT2A","C0805_HD","","Ceramic Capacitor","","08051C223JAT2A","XR7","","AVX Corporation","SMD","Arrow","Digi-Key","","","","","b1YfjW63iU57WBw10Mp1pG2qehBQvfzUihEl6jb0mZQ","478-3747-1-ND","","","","","0.022uF","100V","*","C?","CAP CER 0.022UF 100V X7R 0805"
"1206GC102KAT1AJ","C1206_MD","","Ceramic","","1206GC102KAT1AJ","X7R","","AVX Corporation","SMD","Digi-Key","","","","","","478-9959-1-ND","","","","","","1000pF","2000V","*","C?","CAP CER 1000PF 2KV X7R 1206"
"500R07S0R5AV4T","C0402_HD","","Ceramic","","500R07S0R5AV4T","NP0","","Johanson Technology Inc.","SMD","Mouser","Farnell","Digi-Key","","","","609-500R07S0R5AV4T","1650777","712-1247-1-ND","","","","0.5pF","50V","*","C?","CAP CER 0.50PF 50V NP0 0402"
"860010678024","CAP_EL_5X10MM","","Aluminum Capacitors","","860010678024","","","Wurth Electronics Inc.","","Dig-Key","Newark","Farnell","Digi-Key","","","732-8676-3-ND","40Y3463","2465748","732-8676-1-ND","","","1000 uF","50V","","C?","1000µF 50V Aluminum Capacitors Radial, Can 2000 Hrs @ 85°C"
"885012207086","C0805_HD","","Capacitor","","885012207086","X7R","","Wurth Electronics Inc.","SMD","Digi-Key","Farnell","","","","","732-8068-6-ND","2495195RL","","","","","0.1uF","50V","*","C?","CAP CER 1000PF 50V X7R 0805"
"A104K15X7RF5TAA","CAP_NP_DUAL_0.1_0.2","","Ceramic Capacitors","","A104K15X7RF5TAA","X7R","","Vishay BC Components","PTH","Newark","Allied","Digi-Key","","","","95C0843","70122957","1109PHCT-ND","","","","0.1uF","50V","*","C?","CAP CER 0.1UF 50V X7R AXIAL"
"A472K15X7RF5TAA","CAP_CER_DISK 0.1","","Ceramic Capacitors","","A472K15X7RF5TAA","X7R","","Vishay BC Components","PTH","Farnell","Newark","Mouser","Digi-Key","","","3321903","95C0876","594-A472K15X7RF5TAA","1102PHCT-ND","","","4700pF","50V","*","C?","CAP CER 4700PF 50V X7R AXIAL"
"APXC160ARA270ME60G","CAP_EL_SMD_C","","Aluminum","","APXC160ARA270ME60G","","","United Chemi-Con","SMD","Digi-Key","Mouser","","","","","565-3127-1-ND","661-PXC16VC27RM","","","","","27uF","16V","*","C?","CAP ALUM 27UF 16V 20% SMD"
"B32641B0103J","CAP_CER_NP 5mm & 10mm-square","","Film Capacitors","","B32641B0103J","Polypropylene (PP), Metallized","","EPCOS (TDK)","PTH","Mouser","Digi-Key","","","","","871-B32641B0103J","495-7120-ND","","","","","10nF","1000V","*","C?","CAP FILM 10000PF 5% 1000VDC RAD"
"BFC233921104","CAP_CER_NP 0.4IN-square","","Class X2","","BFC233921104","Polypropylene (PP), Metallized","","Vishay BC Components","PTH","Mouser","Newark","Digi-Key","","","","594-2222-339-21104","93K9994","BC3033-ND","","","","0.1uF","310V","*","C?","CAP FILM 100NF 20% 310VAC RAD"
"C0402C209C5GACTU","C0402_HD","","Ceramic","","C0402C209C5GACTU","NP0","","Kemet","SMD","Mouser","Digi-Key","Farnell","","","","80-C0402C209C5G","399-1004-1-ND","8771340","","","","2pF","50V","*","C?","CAP CER 2PF 50V NP0 0402"
"C0603C100J5GACTU","C0603_MD","","Ceramic","","C0603C100J5GACTU","NP0","","Kemet","SMD","Allied","Mouser","Digi-Key","Farnell","Newark","","70095443","80-C0603C100J5G","399-1049-1-ND","1273324","96K4754","","10pF","50V","*","C?","CAP CER 10PF 50V 5% NP0 0603"
"C0603C100K3GACTU","C0603_MD","","Ceramic","","C0603C100K3GACTU","NP0","","Kemet","SMD","Newark","Mouser","Digi-Key","","","","34H3618","80-C0603C100K3G","399-8979-1-ND","","","","10pF","25V","*","C?","CAP CER 10PF 25V 10% NP0 0603"
"C0603C101J3GACTU","C0603_MD","","Ceramic","","C0603C101J3GACTU","NP0","","Kemet","SMD","Newark","Mouser","Digi-Key","","","","65H4351","80-C0603C101J3G","399-8980-1-ND","","","","100pF","25V","*","C?","CAP CER 100PF 25V 5% NP0 0603"
"C0603C104Z3VACTU","C0603_MD","","Ceramic","","C0603C104Z3VACTU","Y5V","","Kemet","SMD","Newark","Mouser","Farnell","Allied","Digi-Key","","31C9013","80-C0603C104Z3V","4532004","70095465","399-1100-1-ND","","0.1uF","25V","*","C?","CAP CER 0.1UF 25V Y5V 0603"
"C0603C151K3GACTU","C0603_MD","","Ceramic","","C0603C151K3GACTU","NP0","","Kemet","SMD","Digi-Key","","","","","","399-9008-1-ND","","","","","","150pF","25V","*","C?","CAP CER 150PF 25V C0G/NP0 0603"
"C0603C180J5GACTU","C0603_MD","","Ceramic","","C0603C180J5GACTU","NP0","","Kemet","SMD","Newark","Mouser","Digi-Key","Farnell","","","64K2845","80-C0603C180J5G","399-1052-1-ND","1414620","","","18pF","50V","*","C?","CAP CER 18PF 50V 5% NP0 0603"
"C0603C223K5RACTU","C0603_MD","","Ceramic","","C0603C223K5RACTU","X7R","","KEMET","SMD","Arrow","Digi-Key","Newark","Farnell","","","1pIGBirKaRTPwkmaTgv2M-f7VSFvtsA04s_dGa-xGls","399-1280-1-ND","03C3260","1414625","","","0.022µF","50V","*","C?","CAP CER 0.022UF 50V X7R 0603"
"C0603C225K8PACTU","C0603_MD","","Ceramic","","C0603C225K8PACTU","X5R","","KEMET","SMD","Farnell","Digi-Key","Allied","Newark","","","2392247","399-4911-1-ND","70095492","70K9095","","","2.2uF","10V","*","C?","CAP CER 2.2UF 10V X5R 0603"
"C0603C472K5RACTU","C0603_MD","","Ceramic","","C0603C472K5RACTU","X7R","","Kemet","SMD","Digi-Key","Allied","Farnell","Mouser","Newark","","399-1087-1-ND","70095516","1833875","80-C0603C472K5R","88W4179","","4.7nF","50V","*","C?","CAP CER 4700PF 50V 10% X7R 0603"
"C0603C474K4RACTU","C0603_MD","","Ceramic","","C0603C474K4RACTU","X7R","","KEMET","SMD","Digikey","Newark","Farnell","Arrow","","","399-4922-1-ND","32K4764","1414644RL","C0603C474K4RACTU**MULT1","","","0.47uF","16V","*","C?","CAP CER 0.47UF 16V X7R 0603"
"C0603C475K8PACTU","C0603_MD","","Ceramic","","C0603C475K8PACTU","X5R","","Kemet","SMD","Allied","Mouser","Newark","Digi-Key","Farnell","","70096227","80-C0603C475K8P","14N2177","399-5503-1-ND","1572625RL","","4.7uF","10V","*","C?","CAP CER 4.7UF 10V 10% X5R 0603"
"C0603C475K9PACTU","C0603_MD","","Ceramic","","C0603C475K9PACTU","X5R","","KEMET","SMD","","","","","","","","","","","","","4.7uF","6.3V","*","C?","CAP CER 4.7UF 6.3V X5R 0603"
"C0805C103K1RACTU","C0805_MD","","Ceramic","","C0805C103K1RACTU","X7R","","Kemet","SMD","Digi-Key","Allied","Arrow","","","","399-1159-1-ND","70095549","V84PRHYJWYbxb_q0g1OWdNRr6W-bXtbKqADhWS6l3P0","","","","10nF","100V","*","C?","10000pF ±10% 100V X7R Ceramic Capacitor 0805"
"C0805C110J5GACTU","C0805_HD","","Ceramic Capacitor","","C0805C110J5GACTU","CER","","KEMET","SMD","Arrow","Farnell","Digi-Key","","","","qNqIfjjZX98MDQ3dOrbsh5TPwZB3ZeJsEpMGPWt1vK8","2678326","399-9164-1-ND","","","","11pF","50V","*","C?","CAP CER 11PF 50V C0G/NP0 0805"
"C0805C473K5RACTU","C0805_HD","","Cap Ceramic","","C0805C473K5RACTU","X7R","","KEMET","SMD","Digi-Key","Arrow","","","","","399-1166-6-ND","Xkup9lLMWZrCqvJj0ZB_5qYvdddGEKg_pzUdNIQIV_s","","","","","0.047µF","50V","*","C?","CAP CER 0.047UF 50V X7R 0805"
"C1210C107M8PACTU","C1210_MD","","Ceramic","","C1210C107M8PACTU","X5R","","Kemet","SMD","Digi-Key","Farnell","Mouser","Newark","","","399-11631-1-ND","2442786","80-C1210C107M8P","87X8674","","","100uF","10V","*","C?","CAP CER 100UF 10V 20% X5R 1210"
"C1608C0G1H080C080AA","C0603_MD","","Ceramic","","C1608C0G1H080C080AA","NP0","","TDK Corporation","SMD","Newark","Mouser","Digi-Key","","","","87R3457","810-C1608C0G1H080C","445-5042-1-ND","","","","8pF","50V","*","C?","CAP CER 8PF 50V NP0 0603"
"C1608C0G1H101J080AA","C0603_MD","","Ceramic","","C1608C0G1H101J080AA","C0G","","TDK Corporation","SMD","Newark","Digi-Key","Farnell","Mouser","","","90R7631","445-1281-1-ND","1844160","810-C1608C0G1H101J","","","100pF","50V","*","C?","CAP CER 100PF 50V 5% C0G 0603"
"C1608C0G1H150J080AA","C0603_MD","","Ceramic","","C1608C0G1H150J080AA","*","","TDK Corporation","SMD","Digi-Key","","","","","","445-1271-1-ND","","","","","","15pF","50V","*","C?","CAP CER 15PF 50V 5% C0G 0603"
"C1608C0G1H220J080AA","C0603_MD","","Ceramic","","C1608C0G1H220J080AA","NP0","","TDK","SMD","Mouser","Newark","Farnell","Digi-Key","","","810-C1608C0G1H220J","90R7643","1856144","445-1273-1-ND","","","22pF","50V","*","C?","CAP CER 22PF 50V 5% NP0 0603"
"C1608C0G1H221F080AA","C0603_MD","","Ceramic","","C1608C0G1H221F080AA","*","","TDK Corporation","SMD","Digi-Key","","","","","","445-5369-1-ND","","","","","","220pF","50V","*","C?","CAP CER 220PF 50V 1% C0G 0603"
"C1608C0G1H471F080AA","C0603_MD","","Ceramic","","C1608C0G1H471F080AA","*","","TDK Corporation","SMD","Digi-Key","","","","","","445-5370-1-ND","","","","","","470pF","50V","*","C?","CAP CER 470PF 50V 1% C0G 0603"
"C1608X5R1A156M080AC","C0603_MD","","Ceramic","","C1608X5R1A156M080AC","X5R","","TDK Corporation","SMD","","","","","","","","","","","","","15uF","10V","*","C?","CAP CER 15UF 10V X5R 0603"
"C1608X5R1A474K080AA","C0603_MD","","Ceramic","","C1608X5R1A474K080AA","X5R","","TDK","SMD","Digi-Key","Farnell","Mouser","Newark","","","445-1320-1-ND","1844207","810-C1608X5R1A474K","90R7674","","","470nF","10V","*","C?","CAP CER 0.47UF 10V 10% X5R 0603"
"C1608X7R1H334K080AC","C0603_MD","","Ceramic","","C1608X7R1H334K080AC","X7R","","TDK Corporation","SMD","Digi-Key","Farnell","Newark","Arrow","Avnet","","445-5950-1-ND","2346907","12T1891","tqInW7TVXEJOurYKJu6AUWIWQ6PExte3UtE3X-pi0jYZVywxIBNyoAQstvnyfZZ0","C1608X7R1H334K080AC","","0.33uF","50V","*","C?","CAP CER 0.33UF 50V X7R 0603"
"C1608X7R1H474K080AC","C0603_MD","","*","","C1608X7R1H474K080AC","*","","TDK Corporation","SMD","Digi-Key","","","","","","445-5952-1-ND","","","","","","470nF","50V","*","C?","CAP CER 0.47UF 50V 10% X7R 0603"
"C2012JB1V226M125AC","C0805_HD","","Cap Ceramic","","C2012JB1V226M125AC","JB","","TDK Corporation","SMD","Digi-Key","","","","","","445-11527-1-ND","","","","","","22µF","35V","*","C?","CAP CER 22UF 35V JB 0805"
"C2012X7R1E475K125AB","C0805_MD","","Ceramic","","C2012X7R1E475K125AB","X7R","","TDK Corporation","SMD","Avnet","Newark","Farnell","Digi-Key","","","C2012X7R1E475K125AB","04X3287","2346943","445-5972-1-ND","","","4.7uF","25V","*","C?","CAP CER 4.7UF 25V X7R 0805"
"C2012Y5V1H105Z","C0805_MD","C0805_HD","Ceramic","","C2012Y5V1H105Z","Y5V","","TDK","SMD","Newark","Arrow","Mouser","Farnell","Digi-Key","","90R7769","48409501S8390777N1165","810-C2012Y5V1H105Z-2","1844296","445-3463-6-ND","","1uF","50V","*","C?","CAP CER 1UF 50V Y5V 0805"
"C3216X5R1A106M160AB","C1206_MD","","Ceramic","","C3216X5R1A106M160AB","X5R","","TDK","SMD","Digi-Key","Newark","Mouser","","","","445-1387-1-ND","90R7779","810-C3216X5R1A106M","","","","10uF","10V","*","C?","CAP CER 10UF 10V 20% X5R 1206"
"C3216X5R1A686M160AC","C1206_MD","","Ceramic","","C3216X5R1A686M160AC","X5R","","TDK Corporation","SMD","Arrow","Digi-Key","Newark","Digi-Key","","","0I_WNwWqGVcE6w5VeF1xzJgtIScThp7bO59ciP41ABoZVywxIBNyoAQstvnyfZZ0","445-14673-1-ND","11X2726","445-14673-6-ND","","","68uF","10V","*","C?","CAP CER 68UF 10V X5R 1206"
"C3225X5R0J107M250AC","C1210_MD","","Ceramic","","C3225X5R0J107M250AC","X5R","","TDK","SMD","Mouser","Newark","Digi-Key","Farnell","","","810-C3225X5R0J107M","90R7817","445-1437-1-ND","1907361","","","100uF","6.3V","*","C?","CAP CER 100UF 6.3V 20% X5R 1210"
"C3225X7R1C226M250AC","C1210_MD","","Ceramic","","C3225X7R1C226M250AC","X7R","","TDK","SMD","Newark","Mouser","Digi-Key","Farnell","","","90R7829","810-C3225X7R1C226M","445-3955-1-ND","1844357","","","22uF","16V","*","C?","CAP CER 22UF 16V 20% X7R 1210"
"C5750X7R1H106M230KB","C2220_MD","","Ceramic","","C5750X7R1H106M230KB","X7R","","TDK Corporation","SMD","Digi-Key","Mouser","Farnell","Newark","","","445-1454-1-ND","810-C5750X7R1H106M","1843189","90R7872","","","10uF","50V","*","C?","CAP CER 10UF 50V 20% X7R 5750"
"C941U332MUVDBA7317","CAP_CER_DISK 0.4 - skinny","","Ceramic/Safety","X1Y1","C941U332MUVDBA7317","Y5V","","Kemet","PTH","Farnell","Mouser","Digi-Key","","","","2440229","80-C941U332MUVDBAP","399-9500-1-ND","","","","3300pF","400V","*","C?","CAP CER 3300PF 400VAC Y5V RADIAL"
"CAP CER 0.1UF 50V X7R 1206","C1206_MD","","Ceramic Capacitor","","C1206C104K5RAC7867","XR7","","KEMET","SMD","Farnell","Digi-Key","Farnell","","","","1759361","399-1249-1-ND","2665332","","","","0.1uF","50V","*","C?","CAP CER 0.1UF 50V X7R 1206"
"CC0402DRNPO9BN9R0","C0402_MD","","Ceramic","","CC0402DRNPO9BN9R0","C0G","","Yageo","SMD","","","","","","","","","","","","","9pF","50V","*","C?","CAP CER 9PF 50V NPO 0402"
"CC0402JRNPO9BN161","C0402_MD","","Ceramic","","CC0402JRNPO9BN161","C0G","","Yageo","SMD","","","","","","","","","","","","","160pF","50V","*","C?","CAP CER 160PF 50V NPO 0402"
"CC0402KRX7R7BB103","C0402_MD","","Ceramic","","CC0402KRX7R7BB103","X7R","","Yageo","SMD","","","","","","","","","","","","","10000pF","16V","*","C?","CAP CER 10000PF 16V X7R 0402"
"CC0402KRX7R9BB222","C0402_MD","","Ceramic","","CC0402KRX7R9BB222","X7R","","Yageo","SMD","","","","","","","","","","","","","2200pF","50V","*","C?","CAP CER 2200PF 50V X7R 0402"
"CC0402KRX7R9BB272","C0402_MD","","Ceramic","","CC0402KRX7R9BB272","X7R","","Yageo","SMD","","","","","","","","","","","","","2700pF","50V","*","C?","CAP CER 2700PF 50V X7R 0402"
"CC0402MRX7R9BB102","C0402_MD","","Ceramic","","CC0402MRX7R9BB102","X7R","","Yageo","SMD","","","","","","","","","","","","","1000pF","50V","*","C?","CAP CER 1000PF 50V X7R 0402"
"CC0603KRX5R6BB475","C0603_MD","","*","","CC0603KRX5R6BB475","*","","Yageo","SMD","Digi-Key","","","","","","311-1455-1-ND","","","","","","4.7uF","10V","*","C?","CAP CER 4.7UF 10V 10% X5R 0603"
"CC0603ZRY5V5BB225","C0603_MD","","Ceramic","","CC0603ZRY5V5BB225","Y5V","","Yageo","SMD","Newark","Mouser","Farnell","Digi-Key","","","68R4825","603-CC603ZRY5V5BB225","1817933","311-1452-1-ND","","","2.2uF","6.3V","*","C?","CAP CER 2.2UF 6.3V Y5V 0603"
"CC0603ZRY5V7BB105","C0603_MD","","Ceramic","","CC0603ZRY5V7BB105","Y5V","","Yageo","SMD","Newark","Mouser","Farnell","Digi-Key","","","68R4831","603-CC603ZRY5V7BB105","1817937","311-1372-1-ND","","","1uF","16V","*","C?","CAP CER 1UF 16V Y5V 0603"
"CC0805KKX7R9BB334","C0805_HD","","Ceramic Capacitor","","CC0805KKX7R9BB334","X7R","","Yageo","SMD","Digi-Key","","","","","","311-1888-1-ND","","","","","","330nF","50V","*","C?","CAP CER 0.33UF 50V X7R 0805"
"CGA2B3X7R1H683K050BB","C0402_MD","","Ceramic","","CGA2B3X7R1H683K050BB","X7R","","TDK Corporation","SMD","","","","","","","","","","","","","0.068uF","50V","*","C?","CAP CER 0.068UF 50V X7R 0402"
"CL05A106MP5NUNC","C0402_MD","","Ceramic","","CL05A106MP5NUNC","X5R","","Samsung Electro-Mechanics","SMD","","","","","","","","","","","","","10uF","10V","*","C?","CAP CER 10UF 10V X5R 0402"
"CL05A106MP8NUB8","C0402_MD","","Ceramic","","CL05A106MP8NUB8","X5R","","Samsung Electro-Mechanics America, Inc.","SMD","Arrow","Digikey","","","","","CL05A106MP8NUB8","1276-6830-1-ND","","","","","10uF","10V","*","C?","CAP CER 10UF 10V X5R 0402"
"CL05A226MQ5N6J8","C0402_MD","","Ceramic","","CL05A226MQ5N6J8","X5R","","Samsung Electro-Mechanics","SMD","","","","","","","","","","","","","22uF","6.3V","*","C?","CAP CER 22UF 6.3V X5R 0402"
"CL05B103KA5NNNC","C0402_MD","","Ceramic","","CL05B103KA5NNNC","X7R","","Samsung Electro-Mechanics America, Inc.","SMD","Digikey","Arrow","","","","","1276-1057-1-ND","CL05B103KA5NNNC**MULT1","","","","","10000pF","25V","*","C?","CAP CER 10000PF 25V X7R 0402"
"CL05B104KO5NNNC","C0402_MD","","Ceramic","","CL05B104KO5NNNC","X7R","","Samsung Electro-Mechanics America, Inc.","SMD","Digikey","Arrow","","","","","1276-1001-1-ND","CL05B104KO5NNNC**MULT1","","","","","0.1uF","16V","*","C?","CAP CER 0.1UF 16V X7R 0402"
"CL05C180JB5NNNC","C0402_MD","","Ceramic","","CL05C180JB5NNNC","C0G","","Samsung Electro-Mechanics America, Inc.","SMD","Digikey","Arrow","","","","","1276-1140-1-ND","CL05C180JB5NNNC","","","","","18pF","50V","*","C?","CAP CER 18PF 50V C0G/NP0 0402"
"CL05C181JB5NNNC","C0402_MD","","Ceramic","","CL05C181JB5NNNC","C0G","","Samsung Electro-Mechanics","SMD","","","","","","","","","","","","","180pF","50V","*","C?","CAP CER 180PF 50V C0G/NP0 0402"
"CL10A226MPCNUBE","C0603_MD","","Ceramic","","CL10A226MPCNUBE","X5R","","Samsung Electro-Mechanics America, Inc.","SMD","Digikey","","","","","","1276-6504-1-ND","","","","","","22uF","10V","*","C?","CAP CER 22UF 10V X5R 0603"
"CL10B103KB8NCNC","C0603_MD","","Ceramic","","CL10B103KB8NCNC","X7R","","Samsung Electro-Mechanics America, Inc.","SMD","Digi-Key","Newark","Farnell","","","","1276-1921-1-ND","88W4176","2332638","","","","10000pF","50V","*","C?","CAP CER 10000PF 50V X7R 0603"
"CL10B103KB8NNNC","C0603_MD","","Ceramic","","CL10B103KB8NNNC","X7R","","Samsung Electro-Mechanics America, Inc.","SMD","Digi-Key","Newark","Farnell","","","","1276-1009-1-ND","30C5334","2253099","","","","10000pF","50V","*","C?","10000pF 50V Ceramic Capacitor X7R 0603"
"CL10B103KO8NNNC","C0603_MD","","Ceramic","","CL10B103KO8NNNC","X7R","","Samsung Electro-Mechanics America, Inc","SMD","Farnell","Digi-Key","","","","","2280661","1276-1926-1-ND","","","","","10000pF","16V","*","C?","CAP CER 10000PF 16V 10% X7R 0603"
"CL10B104KA8NNNC","C0603_MD","","Ceramic","","CL10B104KA8NNNC","X7R","","Samsung Electro-Mechanics America, Inc.","SMD","Digikey","Arrow","","","","","1276-1006-1-ND","CL10B104KA8NNNC**MULT1","","","","","0.1uF","25V","*","C?","CAP CER 0.1UF 25V X7R 0603"
"CL10B104MB8NNNC","C0603_MD","","Ceramic","","CL10B104MB8NNNC","X7R","","Samsung Electro-Mechanics America, Inc.","SMD","Digi-Key","Arrow","","","","","1276-1941-1-ND","Kjzk4c3iaGHKgu91OSCceSDVbUWFj7k3fFXuGJFKbeQZVywxIBNyoAQstvnyfZZ0","","","","","0.1uF","50V","*","C?","CAP CER 0.1UF 50V X7R 0603"
"CL10B105MO8NNWC","C0603_MD","","Ceramic","","CL10B105MO8NNWC","X7R","","Samsung Electro-Mechanics America, Inc.","SMD","Digi-Key","","","","","","1276-6524-1-ND","","","","","","1uF","16V","*","C?","CAP CER 1UF 16V X7R 0603"
"CL10B153KB8SFNC","C0603_MD","","Ceramic","","CL10B153KB8SFNC","X7R","","Samsung Electro-Mechanics America, Inc","SMD","Digi-Key","","","","","","1276-1967-1-ND","","","","","","15nF","50V","*","C?","CAP CER 0.015UF 50V 10% X7R 0603"
"CL10B222KB8WPNC","C0603_MD","","Ceramic","","CL10B222KB8WPNC","X7R","","Samsung Electro-Mechanics America, Inc.","SMD","Digi-Key","Avnet","","","","","1276-6530-1-ND","CL10B222KB8WPNC","","","","","2200pF","50V","*","C?","CAP CER 2200PF 50V X7R 0603"
"CL10B223KB8NNNC","C0603_MD","","Ceramic","","CL10B223KB8NNNC","X7R","","Samsung Electro-Mechanics America, Inc.","SMD","Arrow","Digi-Key","","","","","CL10B223KB8NNNC**MULT1","1276-1104-1-ND","","","","","0.022uF","50V","*","C?","CAP CER 0.022UF 50V X7R 0603"
"CL10B224KO8NNNC","C0603_MD","","Ceramic","","CL10B224KO8NNNC","*","","Samsung Electro-Mechanics America, Inc","SMD","Digi-Key","","","","","","1276-1112-1-ND","","","","","","0.22uF","16V","*","C?","CAP CER 0.22UF 16V 10% X7R 0603"
"CL10B392KB8NNNC","C0603_MD","","Ceramic","","CL10B392KB8NNNC","X7R","","Samsung Electro-Mechanics America, Inc.","SMD","Arrow","Digikey","","","","","CL10B392KB8NNNC**MULT1","1276-2051-1-ND","","","","","3900pF","50V","*","C?","CAP CER 3900PF 50V X7R 0603"
"CL10B472KB8NNNC","C0603_MD","","Ceramic","","CL10B472KB8NNNC","X7R","","Samsung Electro-Mechanics America, Inc.","SMD","Arrow","Digi-Key","","","","","CL10B472KB8NNNC**MULT1","1276-1098-1-ND","","","","","4700pF","50V","*","C?","CAP CER 4700PF 50V X7R 0603"
"CL10B473KB8NNNC","C0603_MD","","Ceramic","","CL10B473KB8NNNC","X7R","","Samsung Electro-Mechanics","SMD","Digi-Key","","","","","","1276-1063-1-ND","","","","","","0.047uF","50V","*","C?","CAP CER 0.047UF 50V X7R 0603"
"CL10B474KO8NNNC","C0603_MD","","Ceramic","","CL10B474KO8NNNC","X7R","","Samsung Electro-Mechanics America, Inc.","SMD","Digi-Key","Arrow","","","","","1276-1062-1-ND","vyANmGZMAsXsb9ucUsdgAYI9piIQPQ_vO_TcKVAcvH4ZVywxIBNyoAQstvnyfZZ0","","","","","0.47uF","16V","*","C?","CAP CER 0.47UF 16V X7R 0603"
"CL10B823KB8NNNC","C0603_MD","","Ceramic","","CL10B823KB8NNNC","X7R","","Samsung Electro-Mechanics America, Inc.","SMD","Avnet","Digi-Key","","","","","CL10B823KB8NNNC","1276-2122-1-ND","","","","","0.082uF","50V","*","C?","CAP CER 0.082UF 50V X7R 0603"
"CL10C020BB8NNNC","C0603_MD","","Ceramic","","CL10C020BB8NNNC","NP0","","Samsung Electro-Mechanics America, Inc","SMD","Digi-Key","","","","","","1276-1815-1-ND","","","","","","2pF","50V","*","C?","CAP CER 2PF 50V NP0 0603"
"CL10C060CB8NCNC","C0603_MD","","Ceramic","","CL10C060CB8NCNC","C0G/NP0","","Samsung Electro-Mechanics America, Inc.","SMD","Digi-Key","Avnet","","","","","1276-2132-1-ND","CL10C060CB8NCNC","","","","","6pF","50V","*","C?","CAP CER 6PF 50V C0G/NP0 0603"
"CL10C0R5CB8NNNC","C0603_MD","","Ceramic","","CL10C0R5CB8NNNC","NP0","","Samsung Electro-Mechanics America, Inc","SMD","Digi-Key","","","","","","1276-2147-1-ND","","","","","","0.5pF","50V","*","C?","CAP CER 0.5PF 50V NP0 0603"
"CL10C120JB8NNNC","C0603_MD","","Ceramic","","CL10C120JB8NNNC","NP0","","Samsung Electro-Mechanics America, Inc","SMD","Digi-Key","","","","","","1276-1254-1-ND","","","","","","12pF","50V","*","C?","CAP CER 12PF 50V 5% NP0 0603"
"CL10C151JB8NNNC","C0603_MD","","Ceramic","","CL10C151JB8NNNC","C0G","","Samsung Electro-Mechanics America, Inc.","SMD","Digi-Key","","","","","","1276-1280-1-ND","","","","","","150pF","50V","*","C?","CAP CER 150PF 50V C0G/NP0 0603"
"CL10C180JB8NNNC","C0603_MD","","Ceramic","","CL10C180JB8NNNC","C0G","","Samsung Electro-Mechanics America, Inc.","SMD","Digikey","Arrow","","","","","1276-1089-1-ND","CL10C180JB8NNNC**MULT1","","","","","18pF","50V","*","C?","CAP CER 18PF 50V C0G/NP0 0603"
"CL10C181JB8NNNC","C0603_MD","","Ceramic","","CL10C181JB8NNNC","C0G/NP0","","Samsung Electro-Mechanics America, Inc.","SMD","Digi-Key","Avnet","","","","","1276-1255-1-ND","CL10C181JB8NNNC","","","","","180pF","50V","*","C?","CAP CER 180PF 50V C0G/NP0 0603"
"CL10C270JB8NNNC","C0603_MD","","Ceramic","","CL10C270JB8NNNC","NP0","","Samsung Electro-Mechanics America, Inc","SMD","Newark","Farnell","Digi-Key","","","","90R7646","2280864","1276-1086-1-ND","","","","27pF","50V","*","C?","CAP CER 27PF 50V 5% NP0 0603"
"CL10C300JB8NNNC","C0603_MD","","Ceramic","","CL10C300JB8NNNC","C0G","","Samsung Electro-Mechanics America, Inc.","SMD","Avnet","Arrow","Digi-Key","","","","CL10C300JB8NNNC","CL10C300JB8NNNC**MULT1","1276-1021-1-ND","","","","30pF","50V","*","C?","CAP CER 30PF 50V C0G/NP0 0603"
"CL10C390JB8NNNC","C0603_MD","","Ceramic","","CL10C390JB8NNNC","NP0","","Samsung Electro-Mechanics America, Inc","SMD","Digi-Key","","","","","","1276-1087-1-ND","","","","","","39pF","50V","*","C?","CAP CER 39PF 50V 5% NP0 0603"
"CL10C471JB8NNNC","C0603_MD","","Ceramic","","CL10C471JB8NNNC","C0G","","Samsung Electro-Mechanics America, Inc.","SMD","Arrow","Digi-Key","","","","","CL10C471JB8NNNC**MULT1","1276-1168-1-ND","","","","","470pF","50V","*","C?","CAP CER 470PF 50V C0G/NP0 0603"
"CL10C4R7CB8NNNC","C0603_MD","","Ceramic","","CL10C4R7CB8NNNC","*","","Samsung Electro-Mechanics America, Inc","SMD","Digi-Key","","","","","","1276-1282-1-ND","","","","","","4.7pF","16V","*","C?","CAP CER 4.7PF 50V NP0 0603"
"CL10C680JB8NCNC","C0603_MD","","Ceramic","","CL10C680JB8NCNC","C0G","","Samsung Electro-Mechanics America, Inc.","SMD","Digi-Key","","","","","","1276-2324-1-ND","","","","","","68pF","50V","*","C?","CAP CER 68PF 50V C0G/NP0 0603"
"CL10F104ZA8NNNC","C0603_MD","","Ceramic","","CL10F104ZA8NNNC","*","","Samsung  Electro-Mechanics America. Inc","SMD","Digi-Key","","","","","","1276-1011-1-ND","","","","","","100nF","25V","*","C?","CAP CER 0.1UF 25V Y5V 0603"
"CL10F474ZB8NNNC","C0603_MD","","Ceramic","","CL10F474ZB8NNNC","Y5R","","Samsung Electro-Mechanics America, Inc","SMD","Digi-Key","","","","","","1276-2377-1-ND","","","","","","0.47uF","50V","*","C?","CAP CER 0.47UF 50V Y5V 0603"
"CL21A106KAYNNNE","C0805_MD","","Ceramic","","CL21A106KAYNNNE","X5R","","Samsung Electro-Mechanics America, Inc","SMD","Digi-Key","","","","","","1276-2891-1-ND","","","","","","10uF","25V","*","C?","CAP CER 10UF 25V 10% X5R 0805"
"CL21B106KOQNNNG","C0805_MD","","Ceramic","","CL21B106KOQNNNG","X7R","","Samsung Electro-Mechanics America, Inc.","SMD","Avnet","Digi-Key","","","","","CL21B106KOQNNNG","1276-6472-1-ND","","","","","10uF","16V","*","C?","CAP CER 10UF 16V X7R 0805"
"CL31B106KBHNNNE","C1206_MD","","Ceramic","","CL31B106KBHNNNE","X7R","","Samsung Electro-Mechanics America, Inc.","SMD","Avnet","Digi-Key","","","","","CL31B106KBHNNNE","1276-6767-1-ND","","","","","10uF","50V","*","C?","CAP CER 10UF 50V X7R 1206"
"CL31B475KBHNNNE","C1206_MD","","Ceramic","","CL31B475KBHNNNE","X7R","","Samsung Electro-Mechanics America, Inc.","SMD","Avnet","Digi-Key","","","","","CL31B475KBHNNNE/BKN","1276-2789-1-ND","","","","","4.7uF","50V","*","C?","CAP CER 4.7UF 50V X7R 1206"
"CL31C101JJHNNNE","C1206_MD","","Ceramic","","CL31C101JJHNNNE","C0G","","Samsung Electro-Mechanics America, Inc.","SMD","Digikey","Arrow","","","","","1276-3201-1-ND","CL31C101JJHNNNE","","","","","100pF","2kV","*","C?","CAP CER 100PF 2KV C0G/NP0 1206"
"DEBB33D332KA3B","CAP_CER_NP 0.2IN","","Ceramic","","DEBB33D332KA3B","*","","Murata Electronics North America","PTH","Mouser","Digi-Key","","","","","81-DEBB33D332KA3B","490-4276-ND","","","","","3.3nF","2KV","*","C?","CAP CER 3300PF 2KV RADIAL"
"ECA-1HM100I","CAP_EL_2.0x5.0MM","","Aluminum","","ECA-1HM100I","","","Panasonic Electronic Components","PTH","Farnell","Digi-Key","Newark","Mouser","","","2282220","P10425TB-ND","48W7714","667-ECA-1HM100I","","","10uF","50V","*","C?","CAP ALUM 10UF 20% 50V RADIAL"
"ECA-1HM222","CAP_EL_7.5X16.0MM","","Aluminum","","ECA-1HM222","","","Panasonic Electronic Components","PTH","Digi-Key","Newark","Farnell","","","","P5187-ND","17T5013","1848511","","","","2200uF","50V","*","C?","2200µF 50V Aluminum Capacitors Radial, Can 2000 Hrs @ 85°C"
"EEE-1HA101UP","CAP_EL_SMD_F","","Electrolytic","","EEE-1HA101UP","","","Panasonic Electronic Components","SMD","Farnell","Mouser","Digi-Key","Newark","Allied","","2284817","667-EEE-1HA101UP","PCE3917CT-ND","53W3816","70257994","","100uF","50V","*","C?","CAP ALUM 100UF 50V 20% SMD"
"EEU-FC1E101S","CAP_EL_2.5X6.3MM","","Aluminum","","EEU-FC1E101S","","","Panasonic Electronic Components","PTH","Farnell","Digi-Key","Newark","Mouser","","","1848439","P10269-ND","17T5085","667-EEU-FC1E101S","","","100uF","25V","*","C?","CAP ALUM 100UF 20% 25V RADIAL"
"EEV-TG1E681UQ","CAP_EL_SMD_H","","Aluminum","","EEV-TG1E681UQ","","","Panasonic Electronic Components","SMD","Mouser","Newark","Farnell","Digi-Key","","","667-EEV-TG1E681UQ","53W3920","2326384","PCE3643CT-ND","","","680uF","25V","*","C?","CAP ALUM 680UF 25V 20% SMD"
"EKXG401ELL330ML20S","CAP_EL_7.5X16.0MM","","Eletrolitical","","EKXG401ELL330ML20S","","*","United Chemi-Con","PTH","*","Digi-Key","Farnell","Mouser","","*","","565-1464-ND","1691111","661-EKXG401ELL330ML2","","","33uF","400V","*","C?","CAP ALUM 33UF 20% 400V RADIAL"
"EMK107BB7225MA-T","C0603_MD","","Ceramic","","EMK107BB7225MA-T","X7R","","Taiyo Yuden","SMD","Digi-Key","Avnet","Newark","","","","587-4864-1-ND","EMK107BB7225MA-T","16AC1148","","","","2.2uF","16V","*","C?","CAP CER 2.2UF 16V X7R 0603"
"EMK107F105ZA-T","C0603_MD","","Ceramic","","EMK107F105ZA-T","Y5V","","Taiyo Yuden","SMD","Mouser","Digi-Key","Farnell","Newark","","","963-EMK107F105ZA-T","587-1262-1-ND","1213833","18J2658","","","1uF","16V","*","C?","CAP CER 1UF 16V Y5V 0603"
"EMVA6R3ADA221MF55G","CAP_EL_SMD_D","","Aluminum","","EMVA6R3ADA221MF55G","","","Nichicon","SMD","Digi-Key","","","","","","565-2058-1-ND","","","","","","220uF","16V","*","C?","CAP ALUM 220UF 6.3V 20% SMD"
"FK20X7R2J473K","CAP_CER_NP 0.2IN","","Ceramic","","FK20X7R2J473K","X7R","","TDK Corporation","PTH","Newark","Mouser","Digi-Key","","","","54W8137","810-FK20X7R2J473K","445-2646-ND","","","","0.047uF","630V","*","C?","CAP CER 0.047UF 630V 10% RADIAL"
"FK22X7R2J104K","CAP_CER_NP 0.2IN","","Ceramic","","FK22X7R2J104K","X7R","","TDK Corporation","PTH","","","","","","","","","","","","","0.1uF","630V","*","C?","CAP CER 0.1UF 630V 10% RADIAL"
"FK28C0G1H220J","CAP_CER_NP 0.2IN","","Ceramic","","FK28C0G1H220J","NP0","","TDK Corporation","PTH","","","","","","","","","","","","","22pF","50V","*","C?","CAP CER 22PF 50V 5% RADIAL"
"FK28X7R1H104K","CAP_CER_NP 0.2IN","","Ceramic","","FK28X7R1H104K","X7R","","TDK Corporation","PTH","Newark","Digi-Key","Mouser","","","","44W8978","445-5258-ND","810-FK28X7R1H104K","","","","0.1uF","50V","*","C?","CAP CER 0.1UF 50V 10% RADIAL"
"GJM1555C1H1R2CB01D","C0402_MD","","Ceramic","","GJM1555C1H1R2CB01D","NP0","","Murata Electronics North America","SMD","Digi-Key","Mouser","Newark","Farnell","","","490-3085-1-ND","81-GJM1555C1H1R2CB1D","84W7938","2310300","","","1.2pF","50V","*","C?","CAP CER 1.2PF 50V NP0 0402"
"GJM1555C1H2R7CB01D","C0402_MD","","Ceramic","","GJM1555C1H2R7CB01D","NP0","","Murata Electronics North America","SMD","Digi-Key","Digi-Key","","","","","490-3093-2-ND","490-3093-1-ND","","","","","2.7pF","50V","*","C?","CAP CER 2.7PF 50V NP0 0402"
"GRM1555C1H100JA01D","C0402_MD","","Ceramic","","GRM1555C1H100JA01D","X5R","","Murata Electronics North America","SMD","Arrow","Digi-Key","Newark","Farnell","","","GRM1555C1H100JA01D**MULT","490-5921-1-ND","48W5737","2218834","","","10pF","50V","*","C?","CAP CER 10PF 50V C0G/NP0 0402"
"GRM1555C1H1R2CA01D","C0402_HD","","Ceramic","","GRM1555C1H1R2CA01D","NP0","","Murata Electronics North America","SMD","Newark","Digi-Key","Farnell","Mouser","","","48W5733","490-5927-1-ND","2218843","81-GRM1555C1H1R2CA1D","","","1.2pF","50V","*","C?","CAP CER 1.2PF 50V NP0 0402"
"GRM1555C1H2R2CA01D","C0402_HD","","Ceramic","","GRM1555C1H2R2CA01D","NP0","","Murata Electronics North America","SMD","Farnell","Newark","Mouser","Digi-Key","","","2434609","80X8562","81-GRM1555C1H2R2CA1D","490-5932-1-ND","","","2.2pF","50V","*","C?","CAP CER 2.2PF 50V NP0 0402"
"GRM155R61A475MEAAD","C0402_MD","","Ceramic","","GRM155R61A475MEAAD","X5R","","Murata Electronics","SMD","","","","","","","","","","","","","4.7uF","10V","*","C?","CAP CER 4.7UF 10V X5R 0402"
"GRM155R61E105KA12D","C0402_MD","","Ceramic","","GRM155R61E105KA12D","X5R","","Murata Electronics","SMD","","","","","","","","","","","","","1uF","25V","*","C?","CAP CER 1UF 25V X5R 0402"
"GRM1885C1H180JA01D","C0603_MD","","Ceramic","","GRM1885C1H180JA01D","C0G, NP0","","Murata Electronics North America","SMD","Digi-Key","","","","","","490-1409-1-ND","","","","","","18pF","50V","*","C?","CAP CER 18PF 50V C0G/NP0 0603"
"GRM1885C1H181JA01D","C0603_MD","","Ceramic","","GRM1885C1H181JA01D","NP0","","Murata","SMD","Mouser","Digi-Key","","","","","81-GRM39C181J50","490-1433-1-ND","","","","","180pF","50V","*","C?","CAP CER 180PF 50V 5% NP0 0603"
"GRM1885C1H301JA01D","C0603_MD","","Ceramic","","GRM1885C1H301JA01D","*","","Murata Electronics North America","SMD","Digi-Key","","","","","","490-1438-1-ND","","","","","","300pF","50V","*","C?","CAP CER 300PF 50V 5% NP0 0603"
"GRM1885C1H330JA01D","C0603_MD","","Ceramic","","GRM1885C1H330JA01D","NP0","","Murata","SMD","Newark","Mouser","Digi-Key","Farnell","","","14T3332","81-GRM39C330J50","490-1415-1-ND","1828910","","","33pF","50V","*","C?","CAP CER 33PF 50V 5% NP0 0603"
"GRM1885C1H470JA01D","C0603_MD","","Ceramic","","GRM1885C1H470JA01D","*","","Murata Electronics North America","SMD","Digi-Key","","","","","","490-1419-1-ND","","","","","","47pF","50V","*","C?","CAP CER 47PF 50V 5% NP0 0603"
"GRM188C81C106MA73D","C0603_MD","","Ceramic","","GRM188C81C106MA73D","*","","Murata Electronics North America","SMD","Digi-Key","","","","","","490-7198-1-ND","","","","","","10uF","16V","*","C?","CAP CER 10UF 16V 20% X6S 0603"
"GRM188F51H224ZA01D","C0603_MD","","Ceramic","","GRM188F51H224ZA01D","Y5R","","Murata Electronics North America","SMD","Mouser","Digi-Key","","","","","81-GRM188F51H224ZA01","490-1569-1-ND","","","","","220nF","50V","*","C?","CAP CER 0.22UF 50V Y5V 0603"
"GRM188R60J106ME47D","C0603_MD","","Ceramic","","GRM188R60J106ME47D","X5R","","Murata","SMD","Newark","Mouser","Farnell","Digi-Key","","","24R6334","81-GRM188R60J106ME47","1833804","490-3896-1-ND","","","10uF","6.3V","*","C?","CAP CER 10UF 6.3V 20% X5R 0603"
"GRM188R60J474KA01D","C0603_MD","","Ceramic","","GRM188R60J474KA01D","X5R","","Murata","SMD","Mouser","Digi-Key","","","","","81-GRM188R60J474KA01","490-1548-1-ND","","","","","470nF","6.3V","*","C?","CAP CER 0.47UF 6.3V 10% X5R 0603"
"GRM188R60J475KE19D","C0603_MD","","Ceramic","","GRM188R60J475KE19D","X5R","","Murata Electronics North America","SMD","Digi-Key","","","","","","490-3297-1-ND","","","","","","4.7µF","6.3V","*","C?","CAP CER 4.7UF 6.3V X5R 0603"
"GRM188R60J476ME15D","C0603_MD","","Ceramic","","GRM188R60J476ME15D","X5R","","Murata Electronics","SMD","","","","","","","","","","","","","47uF","6.3V","*","C?","CAP CER 47UF 6.3V X5R 0603"
"GRM188R61A106KE69D","C0603_MD","","Ceramic","","GRM188R61A106KE69D","X5R","","Murata Electronics North America","SMD","Newark","Arrow","Farnell","Digi-Key","","","04X3243","tmOXaZUOwqZwFBELsoaVEVsYh8deCocflpUOLM3SrSYdbDnzZoKbJoITPv75ptcC","2494233","490-10474-1-ND","","","10uF","10V","*","C?","CAP CER 10UF 10V X5R 0603"
"GRM188R61A335KE15D","C0603_MD","","Ceramic","","GRM188R61A335KE15D","X5R","","Murata","SMD","Digi-Key","Mouser","","","","","490-6411-1-ND","81-GRM188R61A335KE5D","","","","","3.3uF","10V","*","C?","CAP CER 3.3UF 10V 10% X5R 0603"
"GRM188R61C105KA93D","C0603_MD","","Ceramic","","GRM188R61C105KA93D","X5R","","Murata Electronics North America","SMD","Digi-Key","","","","","","490-1536-1-ND","","","","","","1uF","16V","*","C?","CAP CER 1UF 16V X5R 0603"
"GRM188R70J105KA01D","C0603_MD","","Ceramic","","GRM188R70J105KA01D","X7R","","Murata Electronics North America","SMD","Digi-Key","","","","","","490-3898-1-ND","","","","","","1µF","6.3V","*","C?","CAP CER 1UF 6.3V X7R 0603"
"GRM188R71C103KA01D","C0603_MD","","Ceramic","","GRM188R71C103KA01D","X7R","","Murata","SMD","Mouser","Digi-Key","","","","","81-GRM18R71C103KA01D","490-1525-1-ND","","","","","10000pF","16V","*","C?","CAP CER 10000PF 16V 10% X7R 0603"
"GRM188R71E104KA01D","C0603_MD","","Ceramic","","GRM188R71E104KA01D","X7R","","Murata Electronics North America","SMD","Digi-Key","","","","","","490-1524-1-ND","","","","","","0.1uF","25V","*","C?","CAP CER 0.1UF 25V X7R 0603"
"GRM188R71E473KA01D","C0603_MD","","Ceramic","","GRM188R71E473KA01D","X7R","","Murata","SMD","Newark","Mouser","Farnell","Digi-Key","","","38K1667","81-GRM39X473K25D","1118180","490-1522-1-ND","","","47nF","25V","*","C?","CAP CER 0.047UF 25V 10% X7R 0603"
"GRM188R71H102KA01D","C0603_MD","","Ceramic","","GRM188R71H102KA01D","X7R","","Murata Electronics North America","SMD","Digi-Key","Farnell","Mouser","Newark","","","490-1494-1-ND","2280879","81-GRM39X102K050","09J2480","","","1000pF","50V","*","C?","CAP CER 1000PF 50V 10% X7R 0603"
"GRM188R71H103JA01D","C0603_MD","","Ceramic","","GRM188R71H103JA01D","X7R","","Murata Electronics North America","SMD","Digi-Key","","","","","","490-9734-1-ND","","","","","","10000pF","50V","*","C?","CAP CER 10000PF 50V X7R 0603"
"GRM188R71H104JA93D","C0603_MD","","Ceramic","","GRM188R71H104JA93D","X7R","","Murata Electronics North America","SMD","Digi-Key","","","","","","490-13406-1-ND","","","","","","0,1uF","50V","*","C?","CAP CER 0.1UF 50V X7R 0603"
"GRM188R71H104KA93D","C0603_MD","","Ceramic","","GRM188R71H104KA93D","X7R","","Murata","SMD","Newark","Digi-Key","Farnell","Mouser","","","38K1670","490-1519-1-ND","1856385","81-GRM39X104K50D","","","0.1uF","50V","*","C?","CAP CER 0.1UF 50V 10% X7R 0603"
"GRM188R71H153KA01D","C0603_MD","","Ceramic","","GRM188R71H153KA01D","X7R","","Murata","SMD","Farnell","Digi-Key","Mouser","Newark","","","1828916","490-1514-1-ND","81-GRM18R71H153KA01D","14T3321","","","15nF","50V","*","C?","CAP CER 0.015UF 50V 10% X7R 0603"
"GRM188R71H183KA01D","C0603_MD","","Ceramic","","GRM188R71H183KA01D","X7R","","Murata","SMD","Digi-Key","Mouser","","","","","490-1516-1-ND","81-GRM39X183K50D","","","","","18nF","50V","*","C?","CAP CER 0.018UF 50V 10% X7R 0603"
"GRM188R71H223JA01D","C0603_MD","","Ceramic","","GRM188R71H223JA01D","X7R","","Murata Electronics North America","SMD","Digi-Key","","","","","","490-14377-1-ND","","","","","","0.022µF","50V","*","C?","CAP CER 0.022UF 50V X7R 0603"
"GRM188R71H392KA01D","C0603_MD","","Ceramic","","GRM188R71H392KA01D","X7R","","Murata","SMD","Digi-Key","Mouser","","","","","490-1504-1-ND","81-GRM39X392K50D","","","","","3.9nF","50V","*","C?","CAP CER 3900PF 50V 10% X7R 0603"
"GRM188R71H821KA01D","C0603_MD","","Ceramic","","GRM188R71H821KA01D","X7R","","Murata","SMD","Digi-Key","Mouser","","","","","490-1493-1-ND","81-GRM39X821K50D","","","","","820pF","50V","*","C?","CAP CER 820PF 50V 10% X7R 0603"
"GRM216R71E103KA01D","C0805_HD","","Capacitor","","GRM216R71E103KA01D","X7R","","Murata Electronics North America","SMD","Digi-Key","","","","","","490-12748-6-ND","","","","","","10000pF","25V","*","C?","CAP CER 10000PF 25V X7R 0805"
"GRM219R61E106KA12D","C0805_MD","","Ceramic","","GRM219R61E106KA12D","X5R","","Murata","SMD","Digi-Key","","","","","","490-7207-1-ND","","","","","","10uF","25V","*","C?","CAP CER 10UF 25V 10% X5R 0805"
"GRM21BR60J226ME39L","C0805_MD","C0805_HD","Ceramic","","GRM21BR60J226ME39L","X5R","","Murata","SMD","Farnell","Newark","Mouser","Arrow","Digi-Key","","1735531","96M1423","81-GRM21R60J226ME39L","41896953S6447286N2606","490-1719-1-ND","","22uF","6.3V","*","C?","CAP CER 22UF 6.3V 20% X5R 0805"
"GRM21BR61A476ME15L","C0805_MD","","Ceramic","","GRM21BR61A476ME15L","X5R","","Murata Electronics North America","SMD","Farnell","Arrow","Mouser","Digikey","","","2611939RL","GRM21BR61A476ME15L","81-GRM21BR61A476ME5L","490-9961-1-ND","","","47uF","10V","*","C?","CAP CER 47UF 10V X5R 0805"
"GRM21BR61C106KE15K","C0805_HD","","CAP CER","","GRM21BR61C106KE15K","X5R","","Murata Electronics North America","SMD","Arrow","Digi-Key","Newark","","","","MfGS4s7yxupSyO3f7wKQyKzb4LVHSCb7zxwcFHm2v0jjRM-Xpb9FWQC1nzZCAqtM","490-6473-6-ND","35R0687","","","","10uF","16V","*","C?","CAP CER 10UF 16V X5R 0805"
"GRM21BR61E475MA12L","C0805_MD","","Ceramic","","GRM21BR61E475MA12L","X5R","","Murata","SMD","Mouser","Digi-Key","","","","","81-GRM21BR61E475MA2L","490-5422-1-ND","","","","","4.7uF","25V","*","C?","CAP CER 4.7UF 25V 20% X5R 0805"
"GRM31CR60J107ME39L","C1206_MD","","Ceramic","","GRM31CR60J107ME39L","X5R","","Murata Electronics North America","SMD","Farnell","Arrow","Newark","Digi-Key","","","2611952","de6w_qffGrrYJnmS_fkG9BmKuDLD2tI_UT6Z6bEXH9BirWDTtGmtott4fUuvrZ15","24R6343","490-4539-1-ND","","","100uF","6.3V","*","C?","CAP CER 100UF 6.3V X5R 1206"
"GRM32ER61A107ME20K","C1210_MD","","Ceramic","","GRM32ER61A107ME20K","X5R","","Murata Electronics North America","SMD","Digi-Key","Mouser","Arrow","Avnet","","","490-14681-1-ND","81-GRM32ER61A107ME0K","GRM32ER61A107ME20K","GRM32ER61A107ME20K","","","100uF","10V","*","C?","CAP CER 100UF 10V X5R 1210"
"GRM32ER71H475KA88L","C1210_MD","","*","","GRM32ER71H475KA88L","*","","Yageo","SMD","Digi-Key","","","","","","490-1864-1-ND","","","","","","4.7uF","50V","*","C?","CAP CER 4.7UF 50V 10% X7R 1210"
"K330J15C0GF5TH5","CAP_CER_DISK 0.1","","Ceramic Capacitors","","K330J15C0GF5TH5","NP0","","Vishay BC Components","PTH","Farnell","Newark","Mouser","Digi-Key","","","3322610","95C1045","594-K330J15C0GF5TH5","BC1036CT-ND","","","33pF","50V","*","C?","CAP CER 33PF 50V NP0 RADIAL"
"LLS1H103MELB","CAP_EL_10X30.0MM","","Aluminum","","LLS1H103MELB","","","Nichicon","PTH","Farnell","Newark","Digi-Key","","","","2333492","97M5106","493-6156-ND","","","","10000uF","50V","*","C?","10000µF 50V Aluminum Capacitors Radial, Can - Snap-In 3000 Hrs @ 85°C"
"LMK212B7105KG-T","C0805_HD","C0805_MD","Ceramic","","LMK212B7105KG-T","X7R","","Taiyo Yuden","SMD","Digi-Key","Newark","Farnell","Mouser","","","587-1285-1-ND","77M8470","1683678","N/A","","","1uF","10V","*","C?","CAP CER 1UF 10V 10% X7R 0805"
"LMK212SD104KG-T","C0805_HD","C0805_MD","Ceramic","","LMK212SD104KG-T","*","","Taiyo Yuden","SMD","","","","","","","","","","","","","100nF","10V","*","C?","CAP CER 0.1UF 10V 10% 0805"
"LMK316BJ476ML-T","C1206_MD","","Ceramic","","LMK316BJ476ML-T","X5R","","Taiyo Yuden","SMD","Digikey","Newark","Mouser","Arrow","Farnell","","587-1780-1-ND","42M3489","963-LMK316BJ476ML-T","LMK316BJ476ML-T**MULT1","2363427","","47uF","10V","*","C?","CAP CER 47UF 10V X5R 1206"
"MC0402B104M160CT","C0402_MD","","Ceramic","","MC0402B104M160CT","X7R","","MULTICOMP PRO","SMD","Newark","","","","","","97Y2073","","","","","+-20%","0.1uF","16V","*","C?","CAP, 0.1µF, 16V, 20%, X7R, 0402"
"PCG1C820MCL1GS","CAP_EL_SMD_D","","Aluminum","","PCG1C820MCL1GS","","","Nichicon","SMD","Digi-Key","","","","","","493-3096-1-ND","","","","","","82uF","16V","*","C?","CAP ALUM 82UF 16V 20% SMD"
"RDER72J224K5E1H03A","CAP_CER_NP 0.2IN","","Ceramic","","RDER72J224K5E1H03A","X7R","","Murata Electronics North America","PTH","Mouser","Digi-Key","","","","","81-RDER72J224K5E1H3A","490-9264-1-ND","","","","","0.22uF","630V","*","C?","CAP CER 0.22UF 630V 10% RADIAL"
"T491A106M016AT","CAP_TANT_SMD_A","","Tantalum","","T491A106M016AT","*","","Kemet","SMD","Digi-Key","","","","","","399-3687-1-ND","","","","","","10uF","16V","*","C?","CAP TANT 10UF 16V 20% 1206"
"T491B106M016AT","CAP_TANT_SMD_B","","Tantalum","","T491B106M016AT","","","Kemet","SMD","Digi-Key","Mouser","Newark","","","","399-3708-1-ND","80-T491B106M016","57K1745","","","","10uF","16V","*","C?","CAP TANT 10UF 16V 20% 1411"
"T525D476M016ATE035","CAP_TANT_SMD_E","","TANT POLY","","T525D476M016ATE035","TANT","","KEMET","SMD","Newark","Digi-Key","","","","","87H4643","399-3284-1-ND","","","","","47uF","16V","*","C?","CAP TANT POLY 47UF 16V 2917 35 mOhm"
"TMK316BBJ226ML-T","C1206_MD","","Ceramic","","TMK316BBJ226ML-T","*","","Taiyo Yuden","SMD","Digi-Key","","","","","","587-3246-1-ND","","","","","","22uF","25V","*","C?","CAP CER 22UF 25V 20% X5R 1206"
"TPSE686M020R0150","CAP_TANT_SMD_E","","CAP TANT","","TPSE686M020R0150","","","AVX Corporation","SMD","Digi-Key","","","","","","478-4151-2-ND","","","","","","68uF","20V","*","C?","CAP TANT 68UF 20V 20% 2917"
"UMK107BJ105KA-T","C0603_MD","","*","","UMK107BJ105KA-T","*","","Taiyo Yuden","SMD","Digi-Key","","","","","","587-2400-1-ND","","","","","","1uF","50V","*","C?","CAP CER 1UF 50V 10% X5R 0603"
"UMK212B7105KG-T","C0805_HD","","Ceramic Capacitor","","UMK212B7105KG-T","X7R","","Taiyo Yuden","SMD","Digi-Key","Farnell","Newark","","","","587-2910-1-ND","2464630","47T1712","","","","1uF","50V","*","C?","CAP CER 1UF 50V X7R 0805"
"UMK212B7224KG-T","C0805_MD","","X7R","","UMK212B7224KG-T","CERAMIC","","Taiyo Yuden","SMD","Farnell","Digi-Key","Farnell","","","","2392359","587-1287-6-ND","2666568","","","","0.22uF","50V","*","C?","CAP CER 0.22UF 50V X7R 0805"
"UMK212BJ104KGHT","C0805_MD","","Ceramic Capacitor","","UMK212BJ104KGHT","X5R","","Taiyo Yuden","SMD","Newark","Digi-Key","","","","","68X1782","587-3512-1-ND","","","","","0.1uF","50V","*","C?","CAP CER 0.1UF 50V X5R 0805"
"UMK316B7105KL-T","C1206_MD","","CAP","","UMK316B7105KL-T","CER","","Taiyo Yuden","SMD","Farnell","Newark","Digi-Key","","","","1458913","84R9164","587-2230-1-ND","","","","1uF","50V","*","C?","CAP CER 1UF 50V X7R 1206"
"UMK316BBJ106ML-T","C1210_MD","C1206_MD","Capacitor","","UMK316BBJ106ML-T","CER","","Taiyo Yuden","SMD","Digi-Key","Digi-Key","Farnell","Newark","","","587-3248-1-ND","587-3248-6-ND","2779059","29X1409","","","10uF","50V","*","C?","CAP CER 10UF 50V X5R 1206"
"UMK325BJ106MM-T","C1210_MD","","Capacitor","","UMK325BJ106MM-T","CER","","Taiyo Yuden","SMD","Newark","Farnell","Digi-Key","","","","08P5202","1683595","587-2225-6-ND","","","","10uF","50V","*","C?","CAP CER 10UF 50V X5R 1210"
"UPM1A102MPD1TD","CAP_EL_7.5X16.0MM","","Eletrolitical","","UPM1A102MPD1TD","","","Nichicon","PTH","Newark","Farnell","Digi-Key","","","","65R3529","2479369","493-11904-1-ND","","","","1000uF","10V","*","C?","CAP ALUM 1000UF 20% 10V RADIAL"
"UPW1H220MDD1TD","CAP_EL_2.0x5.0MM","","Eletrolitical","","UPW1H220MDD1TD","","","Nichicon","PTH","Newark","Mouser","Digi-Key","","","","65R4110","647-UPW1H220MDD1TD","493-11357-1-ND","","","","22uF","50V","*","C?","CAP ALUM 22UF 20% 50V RADIAL"
"UPW1V471MPD1TD","CAP_EL_5X10MM","","Eletrolitical","","UPW1V471MPD1TD","","","Nichicon","PTH","Farnell","Newark","Mouser","Digi-Key","","","1818654","65R4249","647-UPW1V471MPD1TD","493-11916-1-ND","","","470uF","35V","*","C?","CAP ALUM 470UF 20% 35V RADIAL"
"UUD1H560MNL1GS","CAP_EL_SMD_F","","Aluminum","","UUD1H560MNL1GS","","","Nichicon","SMD","Newark","Digi-Key","","","","","55K1056","493-2304-1-ND","","","","","56uF","50V","*","C?","56µF 50V Aluminum Capacitors Radial, Can - SMD 5000 Hrs @ 105°C"
"UVR1H010MDD6TP","CAP_EL_2.0x5.0MM","","Aluminum Capacitors","","UVR1H010MDD6TP","","","Nichicon","PTH","Digi-Key","Mouser","","","","","493-12782-1-ND","647-UVR1H010MDD6TP","","","","","1uF","50V","*","C?","CAP ALUM 1UF 20% 50V RADIAL"
"UWT1V470MCL1GS","CAP_EL_SMD_D","","Aluminum","","UWT1V470MCL1GS","","","Nichicon","SMD","Digi-Key","Newark","Farnell","","","","493-2202-1-ND","58R3600","1823602","","","","47uF","35V","*","C?","47µF 35V Aluminum Capacitors Radial, Can - SMD 1000 Hrs @ 105°C"
"VJ0603Y103JXAAC","C0603_HD","","Cap Ceramic","","VJ0603Y103JXAAC","X7R","","Vishay Vitramon","SMD","Digi-Key","","","","","","720-1375-1-ND","","","","","","10000pF","50V","*","C?","CAP CER 10000PF 50V X7R 0603"
