"LIBRARYREFERENCE","FOOTPRINT1","FOOTPRINT2","COMMENT","COMPONENTLINK1URL","COMPONENTLINK2DESCRIPTION","COMPONENTLINK2URL","MANUFACTURER","MANUFACTURER PART NUMBER 1","MOUNT TYPE","MOUNTING TYPE","N OF POSITIONS","PARTNUMBER","PITCH","PUBLISHED","PUBLISHER","ROLL SPACING","SUPPLIER 1","SUPPLIER 2","SUPPLIER 3","SUPPLIER 4","SUPPLIER 5","SUPPLIER 6","SUPPLIER PART NUMBER 1","SUPPLIER PART NUMBER 2","SUPPLIER PART NUMBER 3","SUPPLIER PART NUMBER 4","SUPPLIER PART NUMBER 5","SUPPLIER PART NUMBER 6","VALUE","SHEETPART","DESIGNATOR","DESCRIPTION"
"*MODEL_CONNECTOR_1LIN","","","Part Number","","","","*","","*","","*","","*","","","","","","","","","","","","","","","","*","*","CN?","Description"
"*MODEL_CONNECTOR_2LIN","","","Part Number","","","","*","","*","","*","","*","","","","","","","","","","","","","","","","*","*","CN?","Description"
"0430452028","MICROFIT 2x10M 3.0MM 180GRAUS","","0430452028","","","","Molex, LLC","","Through Hole","","20","","0.118" (3.00mm)","","","","Digi-Key","","","","","","WM10733-ND","","","","","","0430452028","*","CN?","MICROFIT 3.0 VERT TH HDR DR 15AU 0430452028"
"0430452228","MICROFIT 2x11M 3.0MM 180GRAUS","","0430452228","","","","Molex, LLC","","Through Hole","","22","","0.118" (3.00mm)","","","","Digi-Key","","","","","","WM10740-ND","","","","","","0430452228","*","CN?","MICROFIT 3.0 VERT TH HDR DR 15AU 0430452228"
"0430452428","MICROFIT 2x12M 3.0MM 180GRAUS","","0430452428","","","","Molex, LLC","","Through Hole","","24","","0.118" (3.00mm)","","","","Digi-Key","","","","","","WM10746-ND","","","","","","*","*","CN?","MICROFIT 3.0 VERT TH HDR DR 15AU"
"0532610271","PICO BLADE 0532610271","","0532610271","","","","Molex","","SMD","","3","","1.25mm","","","","","","","","","","","","","","","","0532610371","*","CN?","CONN HEADER SMD R/A 2POS 1.25MM"
"0532610371","PICO BLADE 0532610371","","0532610371","","","","Molex","","SMD","","3","","1.25mm","","","","","","","","","","","","","","","","0532610371","*","CN?","CONN HEADER SMD R/A 3POS 1.25MM"
"0532610471","PICO BLADE 0532610471","","0532610471","","","","Molex","","SMD","","4","","1.25mm","","","","","","","","","","","","","","","","0532610471","*","CN?","CONN HEADER SMD R/A 4POS 1.25MM"
"0532610571","PICO BLADE 0532610571","","0532610571","","","","Molex","","SMD","","5","","1.25mm","","","","","","","","","","","","","","","","0532610571","*","CN?","CONN HEADER SMD R/A 5POS 1.25MM"
"0532610671","PICO BLADE 0532610671","","0532610671","","","","Molex","","SMD","","6","","1.25mm","","","","","","","","","","","","","","","","0532610671","*","CN?","CONN HEADER SMD R/A 6POS 1.25MM"
"0532610771","PICO BLADE 0532610771","","0532610771","","","","Molex","","SMD","","7","","1.25mm","","","","","","","","","","","","","","","","0532610771","*","CN?","CONN HEADER SMD R/A 7POS 1.25MM"
"0532610871","PICO BLADE 0532610871","","0532610871","","","","Molex","","SMD","","8","","1.25mm","","","","","","","","","","","","","","","","0532610871","*","CN?","CONN HEADER SMD R/A 8POS 1.25MM"
"0532610971","PICO BLADE 0532610971","","0532610971","","","","Molex","","SMD","","9","","1.25mm","","","","","","","","","","","","","","","","0532610971","*","CN?","CONN HEADER SMD R/A 9POS 1.25MM"
"0532611071","PICO BLADE 0532611071","","0532611071","","","","Molex","","SMD","","10","","1.25mm","","","","","","","","","","","","","","","","0532611071","*","CN?","CONN HEADER SMD R/A 10POS 1.25MM"
"0734150961","MMCX JACK 0734150961","","0734150961","","","","Molex","","SMD","","1","","*","","","","Newark","Mouser","Digi-Key","","","","53R2348","538-73415-0961","WM5550-ND","","","","0734150961","*","CN?","CONN MMCX JACK 50 OHM EDGE MNT"
"09455511102","RJ45 CONN MOD JACK 8P8C R/A SHIELDED","","09455511102","","","","Harting","","PTH","","8","","2.54mm","","","","Digi-Key","Digi-Key","","","","","","1195-2207-ND","","","","","09455511102","*","CN?","RJ45 CONN MOD JACK 8P8C R/A SHIELDED"
"1-1740195-2","DB9 HOR SMD MALE 1-1740195-2","","1-1740195-2","","","","TE Connectivity","","SMD","","9","","-","","","","Newark","Digi-Key","Avnet","","","","16R9549","A109023CT-ND","1-1740195-2","","","","1-1740195-2","*","CN?","CONN DSUB PLUG 9POS SMD R/A SLDR"
"1-215297-2","HEADER 12 2.54mm 180 GRAUS","","1-215297-2","","","","TE Connectivity","","PTH","","12","","2.54mm","","","","Farnell","Newark","Digi-Key","Mouser","Arrow","","3419137","98K4864","1-215297-2-ND","571-1-215297-2","4802830","","Header 12 2.54mm 180°","*","CN?","CONN RCPT 12POS .100 VERT T/H"
"10118194-0001LF","MICRO USB B 90GRAUS","","10118194-0001LF","","","","FCI","","PTH","","5","","0.65mm","","","","Digi-Key","Farnell","Mouser","Newark","","","609-4618-1-ND","1645325","649-10118194-0001LF","67T2260","","","10118194-0001LF","*","CN?","CONN USB MICRO B RECPT SMT R/A"
"10127721-041LF","MICROFIT 2x2M 3.0MM 180GRAUS","","10127721-041LF","","","","Amphenol FCI","","PTH","","4","","3mm","","","","Digi-Key","Newark","Farnell","","","","609-4859-ND","80X2628","2463286","","","","10127721-041LF","*","CN?","4 Positions Plug Connector 0.118" (3.00mm) Through Hole Tin"
"10127721-061LF","MICROFIT 2x3M 3.0MM 180GRAUS","","10127721-061LF","","","","Amphenol FCI","","PTH","","6","","3mm","","","","Digi-Key","Newark","Farnell","","","","609-4860-ND","80X2630","2463287","","","","10127721-061LF","*","CN?","6 Positions Plug Connector 0.118" (3.00mm) Through Hole Tin"
"10127721-082LF","MICROFIT 2x4M 3.0MM 180GRAUS","","10127721-082LF","","","","Amphenol FCI","","PTH","","8","","3mm","","","","Digi-Key","","","","","","609-5069-ND","","","","","","10127721-082LF","*","CN?","8 Positions Plug Connector 0.118" (3.00mm) Through Hole Tin"
"1037920000","1037920000","","1037920000","","","","Weidmuller","1037920000","PTH","","6","","3.81mm","","","","Digi-Key","","","","","","1037920000-ND","","","","","","SC 3.81/06/270G 3.2SN BK BX","*","CN?","TERM BLOCK HDR 6POS 90DEG 3.81mm"
"104346-1","PIN BAR 3 2.54mm 180 GRAUS","","104346-1","","","","TE Connectivity","","PTH","","3","","2.54mm","","","","Digi-Key","Mouser","","","","","A111696-ND","571-104346-1","","","","","104346-1","*","CN?","CONN HDR BRKWAY 3POS VERT TIN"
"1051330001","MICRO USB B 180GRAUS","","1051330001","","","","Molex","","PTH","","5","","0.65mm","","","","Mouser","Digi-Key","","","","","538-105133-0001","WM9734CT-ND","","","","","1051330001","*","CN?","MICRO USB B REC. VERTICAL TYPE"
"1051330001_DUAL","MICRO USB B DUAL FOOTPRINT","","1051330001_DUAL","","","","Molex","","PTH","","5","","0.65mm","","","","Mouser","Digi-Key","","","","","538-105133-0001","WM9734CT-ND","","","","","1051330001","*","CN?","MICRO USB B REC. VERTICAL TYPE"
"128-0711-201","128-0711-201","","128-0711-201","","","","Cinch Connectivity Solutions Johnson","","SMD","","2","","*","","","","Digi-Key","Mouser","","","","","J983CT-ND","530-1280711201","","","","","128-0711-201","*","CN?","CONN UMC RCPT STR 50 OHM SMD"
"1586037-4","MINIFIT 2x2M 4.2MM 180GRAUS","","1586037-4","","","","TE Connectivity AMP Connectors","","Through Hole","","4","","4.2mm","","","","Farnell","Digi-Key","Newark","","","","8115940","A30603-ND","39K1309","","","","1586037-4","*","CN?","CONN HEADER 4POS VERT W/O PEGS"
"1715721","TBLOCK 2x5.08","","1715721","","","","Phoenix Contact","","PTH","","2","","5.08mm","","","","Digi-Key","Farnell","Mouser","Newark","","","277-1263-ND","3041529","651-1715721","14N5627","","","1715721","*","CN?","CONN TERM BLOCK 2POS 5.08MM PCB"
"1793340000","SC 3.81/03/90F","","1793340000","","","","Weidmuller","","PTH","","3","","3.81mm","","","","Farnell","Digi-Key","","","","","2077133","1793340000-ND","","","","","1793340000","*","CN?","TERM BLOCK HDR 3POS 90DEG 3.81MM"
"1793560000","1793560000","","1793560000","","","","","","","","","","","","","","Digi-Key","","","","","","1793560000-ND","","","","","","SC 3.81/06/180G 3.2SN BK BX","*","CN?","PCB plug-in connector, male header, closed side, THT solder connection, 3.81 mm, No. of poles: 6, 180°, Solder pin length (l): 3.2 mm, tinned, Black, Box"
"1824430000","1824430000","","1824430000","","","","Weidmuller","","PTH","","3","","3.5mm","","","","Digi-Key","Newark","","","","","281-2021-ND","21M0664","","","","","1824430000","*","CN?","CONN TERM BLK 3POS 3.5MM R/A PCB"
"1824480000","1824480000","","1824480000","","","","Weidmuller","","PTH","","8","","3.5mm","","","","Newark","Digi-Key","","","","","21M0669","281-2026-ND","","","","","1824480000","*","CN?","CONN TERM BLK 8POS 3.5MM R/A PCB"
"1869930000","1869930000","","1869930000","","","","Weidmuller","","","Through Hole","","","0.150" (3.81mm)","","","","Digi-Key","Farnell","","","","","1869930000-ND","1788445","","","","","LSF-SMT 3.81/06/180 1.5SN BK TU","*","CN?","LSF-SMT 3.81/06/180 1.5 BK"
"1870410000","1870410000","","1870410000","","","","Weidmuller","","PTH","","16","","3.5mm","","","","Digi-Key","Newark","","","","","1870410000-ND","55M1624","","","","","1870410000","*","CN?","LSF-SMT 3.50/16/90 3.5SN BK"
"1870750000","1870750000","","1870750000","","","","Weidmuller","","PTH","","13","","3.5mm","","","","Digi-Key","","","","","","1870750000-ND","","","","","","1870750000","*","CN?","LSF-SMT 3.50/13/180 1.5 BK"
"1870850000","1870850000","","1870850000","","","","Weidmuller","","PTH","","16","","3.5mm","","","","Digi-Key","","","","","","1870850000-ND","","","","","","1870410000","*","CN?","LSF-SMT 3.50/16/90 3.5SN BK"
"1875340000","1875340000","","1875340000","","","","Weidmuller","","","Through Hole","","","0.150" (3.81mm)","","","","Digi-Key","","","","","","1875340000-ND","","","","","","LSF-SMT 3.81/06/180 1.5SN BK TU","*","CN?","LSF-SMT 3.81/04/180 1.5 BK"
"1990740","PUSH-IN 3pos 3.5mm pitch 90 graus","","1990740","","","","Phoenix Contact","","SMD","","3","","3.5mm","","","","Digikey","Mouser","Arrow","","","","277-9762-ND","651-1990740","1990740","","","","1990740","*","CN?","CONN TERM BLK 3POS 3.5MM GREEN"
"1990795","PUSH-IN 8pos 3.5mm pitch 90 graus","","1990795","","","","Phoenix Contact","","SMD","","8","","3.5mm","","","","Mouser","Digikey","Arrow","","","","651-1990795","277-9787-ND","1990795","","","","1990795","*","CN?","PC TERM BLOCK 3.5MM 8POS GREEN"
"2-1734592-7","FPC 27 0.5mm pitch","","2-1734592-7","","","","TE Connectivity","","SMD","","27","","0.5mm","","","","Digi-Key","Mouser","Arrow","Farnell","","","A101311CT-ND","N/A","46426893S9099693N5665","1846466","","","FPC 27 0.5mm","*","CN?","CONN FPC 27POS .5MM RT ANG SMD"
"20020106-H021A01LF","TBLOCK 2x5.08 PIN","","20020106-H021A01LF","","","","FCI","","PTH","","2","","5.08mm","","","","Mouser","Farnell","Digi-Key","Newark","","","649-2020106H021A01LF","3882032","609-4275-ND","99R4098","","","20020106-H021A01LF","*","CN?","TERM BLOCK HDR 2POS VERT 5.08MM"
"20020106-H031A01LF","TBLOCK 3x5.08 PIN","","20020106-H031A01LF","","","","FCI","","PTH","","3","","5.08mm","","","","Farnell","Mouser","Newark","Digi-Key","","","3882160","649-2020106H031A01LF","99R4099","609-4276-ND","","","20020106-H031A01LF","*","CN?","TERM BLOCK HDR 3POS VERT 5.08MM"
"20021111-00010T4LF","HEADER 2X5 1.27mm 180 GRAUS","","20021111-00010T4LF","","","","FCI","","PTH","","10","","1.27mm","","","","Digi-Key","Newark","Mouser","Farnell","","","609-3712-ND","82R7568","649-221111-00010T4LF","1865285","","","20021111-00010T4LF","*","CN?","CONN HEADER 10POS UNSHD VERT T/H"
"20021121-00004C4LF","SMD HEADER 2x2M 1.27MM","","20021121-00004C4LF","","","","FCI","","SMD","","4","","1.27mm","","","","Farnell","Mouser","Newark","Digi-Key","","","1865276","649-202112100004C4LF","58R3185","609-3692-1-ND","","","20021121-00004C4LF","*","CN?","CONN HEADER 4POS DL UNSHRD SMD"
"20021121-00012C4LF","SMD HEADER 2x6M 1.27MM","","20021121-00012C4LF","","","","FCI","","SMD","","12","","1.27","","","","Farnell","Newark","Allied","Mouser","Digi-Key","","1865280","58R3189","R1109872","649-202112100012C4LF","609-3696-1-ND","","20021121-00012C4LF","*","CN?","CONN HEADER 12POS DL UNSHRD SMD"
"22-23-2021","HEADER 2M 2.54mm 180 GRAUS","","22-23-2021","","","","Molex Inc","","PTH","","2","","2.54mm","","","","Digi-Key","Newark","Allied","Mouser","Farnell","","WM4200-ND","25C3832","70190606","538-22-23-2021","1462926","","Header 2 2.54mm 180°","*","CN?","CONN HEADER 2POS .100 VERT TIN"
"22-23-2031","HEADER 3M 2.54mm 180 GRAUS","","22-23-2031","","","","Molex Inc","","PTH","","3","","2.54mm","","","","Newark","Allied","Farnell","Mouser","Digi-Key","","30C0862","70190741","1462950","538-22-23-2031","WM4201-ND","","Header 3 2.54mm 180°","*","CN?","CONN HEADER 3POS .100 VERT TIN"
"22-23-2041","HEADER 4M 2.54mm 180 GRAUS","","22-23-2041","","","","Molex Inc","","PTH","","4","","2.54mm","","","","Allied","Newark","Farnell","Mouser","Arrow","Digi-Key","70190610","38C0355","1462920","538-22-23-2041","4703601S3511738N3303","WM4202-ND","Header 4 2.54mm 180°","*","CN?","CONN HEADER 4POS .100 VERT TIN"
"22-23-2051","HEADER 5M 2.54mm 180 GRAUS","","22-23-2051","","","","Molex Inc","","PTH","","5","","2.54mm","","","","Digi-Key","Mouser","Farnell","Arrow","Newark","Allied","WM4203-ND","538-22-23-2051","1462952","4703603S3494266N3303","38C9178","70190811","Header 5 2.54mm 180°","*","CN?","CONN HEADER 5POS .100 VERT TIN"
"282834-2","TBLOCK 2x2.54","","282834-2","","","","TE Connectivity AMP Connectors","","PTH","","2","","2.54mm","","","","Digi-Key","Newark","Farnell","","","","A98333-ND","12H8386","3041359","","","","282834-2","*","CN?","TERM BLOCK 2POS SIDE ENT 2.54MM"
"282834-3","TBLOCK 3x2.54","","282834-3","","","","TE Connectivity AMP Connectors","","PTH","","3","","2.54mm","","","","Digi-Key","Newark","Mouser","Farnell","","","A98334-ND","12H8387","571-2828343","2396254","","","282834-3","*","CN?","TERM BLOCK 3POS SIDE ENT 2.54MM"
"282834-4","TBLOCK 4x2.54","","282834-4","","","","TE Connectivity AMP Connectors","","PTH","","4","","2.54mm","","","","Newark","Digi-Key","Mouser","Farnell","","","12H8388","A98335-ND","571-282834-4","2396253","","","282834-4","*","CN?","TERM BLOCK 4POS SIDE ENT 2.54MM"
"3-1740194-2","DB9 HOR SMD FEMALE 3-1740194-2","","3-1740194-2","","","","TE Connectivity","","SMD","","9","","-","","","","Digi-Key","Avnet","Newark","Farnell","","","A108289CT-ND","3-1740194-2","98K8569","9980334","","","3-1740194-2","*","CN?","CONN DSUB RCPT 9POS SMD R/A SLDR"
"3-5177986-3","B2B PLUG 2X40 0.8mm 180 GRAUS 7.85mm Height","","3-5177986-3","","","","TE Connectivity AMP Connectors","","SMD","","80","","0.8mm","","","","Digi-Key","Newark","","","","","A99216CT-ND","87X2903","","","","","3-5177986-3","*","CN?","CONN PLUG 80POS .8MM FH 8H GOLD"
"3220-20-0300-00","HEADER SMD 2X10 1.27mm 180 GRAUS","","3220-20-0300-00","","","","CNC Tech","","SMD","","20","","1.27mm","","","","Digi-Key","Arrow","","","","","1175-1637-ND","kTtEpER2GCfCe8FcdXTspxNgolJUF4w_OkpjOs6V94UZVywxIBNyoAQstvnyfZZ0","","","","","3220-20-0300-00","","CN?","IDC BOX HEADER 0.050 20 POS"
"3221-10-0100-00","HEADER 2X5 1.27mm 180 GRAUS","","3221-10-0100-00","","","","CNC Tech","","Through Hole","","10","","0.050" (1.27mm)","","","","Arrow","Digi-Key","","","","","r9dZxI9WpjALPPuqQ3jqcYKs4WIkuLJF9trZ6j1UYqsZVywxIBNyoAQstvnyfZZ0","1175-1733-ND","","","","","*","*","CN?","IDC BOX HEADER .050" 10POS"
"4-102972-0-10","PIN BAR 10 2.54mm 180 GRAUS","","4-102972-0-10","","","","TE Connectivity","","PTH","","10","","2.54mm","","","","Digi-Key","","","","","","A26519-10-ND","","","","","","4-102972-0-10","*","CN?","CONN HEADR BRKWAY .100 10POS STR"
"43045-0427","MICROFIT 2x2M 3.0MM 180GRAUS","","43045-0427","","","","Molex","","PTH","","4","","3mm","","","","Newark","Mouser","Digi-Key","","","","92M1166","538-43045-0427","0430450427-ND","","","","43045-0427","*","CN?","MICROFIT 3.0 VERT TH HDR DR TIN"
"43045-0827","MICROFIT 2x4M 3.0MM 180GRAUS","","43045-0827","","","","Molex","","PTH","","8","","3mm","","","","Mouser","Digi-Key","Newark","Farnell","","","538-43045-0827","0430450827-ND","34R5759","1756712","","","43045-0827","*","CN?","MICROFIT 3.0 VERT TH HDR DR TIN"
"43045-1027","MICROFIT 2x5M 3.0MM 180GRAUS","","43045-1027","","","","Molex","","PTH","","10","","3mm","","","","Newark","Digi-Key","Mouser","","","","92M1209","WM7488-ND","538-43045-1027","","","","43045-1027","*","CN?","CONN HEADER 10POS VERT TIN"
"43045-1627","MICROFIT 2x8M 3.0MM 180GRAUS","","43045-1627","","","","Molex","","PTH","","16","","3mm","","","","Newark","Mouser","Digi-Key","Digi-Key","","","92M1268","538-43045-1627","0430451627-ND","WM10708-ND","","","43045-1627","*","CN?","MICROFIT 3.0 VERT TH HDR DR TIN"
"43650-0227","MICROFIT 2M 3.0MM 180GRAUS","","43650-0227","","","","Molex","","PTH","","2","","3mm","","","","Newark","Mouser","Digi-Key","","","","92M1793","538-43650-0227","0436500227-ND","","","","43650-0227","*","CN?","MICROFIT 3.0 SR VERT TH PEG TIN"
"43650-0327","MICROFIT 3M 3.0MM 180GRAUS","","43650-0327","","","","Molex","","PTH","","3","","3mm","","","","Newark","Mouser","Digi-Key","","","","92M1809","538-43650-0327","WM7500-ND","","","","43650-0327","*","CN?","CONN HEADER 3POS VERT TIN"
"43650-0415","MICROFIT 4M 3.0MM 180GRAUS","","43650-0415","","","","Molex","","PTH","","4","","3mm","","","","Newark","Mouser","Farnell","Allied","Digi-Key","","95C1789","538-43650-0415","1462899","70266905","WM1919-ND","","43650-0415","*","CN?","CONN HEADER 4POS 3MM VERT TIN"
"5-146285-2","PIN BAR 2 2.54mm 180 GRAUS","","5-146285-2","","","","TE Connectivity","","PTH","","2","","2.54mm","","","","Arrow","Mouser","Newark","Digi-Key","Farnell","","38922002","571-5-146285-2","16M3972","5-146285-2-ND","1341684","","5-146285-2","*","CN?","02 MODII HDR SRST B/A .100CL"
"5-5179010-3","B2B REC 2X40 0.8mm 180 GRAUS","","5-5179010-3","","","","TE Connectivity AMP Connectors","","SMD","","80","","0.8mm","","","","Mouser","Newark","Farnell","Digikey","","","571-5-5179010-3","93K4014","1098358","A115416-ND","","","5-5179010-3","*","CN?","CONN RCPT 80POS DL .8MM FH GOLD"
"5-534237-1","HEADER 3 2.54mm 180 GRAUS","","5-534237-1","","","","TE Connectivity","","PTH","","3","","2.54mm","","","","Mouser","Farnell","Arrow","Digi-Key","Newark","","571-5-534237-1","1845931","42585752S9932711N5665","A32904-ND","39P9514","","Header 3 2.54mm 180°","*","CN?","CONN RECEPT 3POS .100 VERT GOLD"
"5-534237-2","HEADER 4 2.54mm 180 GRAUS","","5-534237-2","","","","TE Connectivity","","PTH","","4","","2.54mm","","","","Mouser","Newark","Farnell","Digi-Key","","","571-5-534237-2","40P9556","1668342","A32905-ND","","","5-534237-2","*","CN?","CONN RECEPT 4POS .100 VERT GOLD"
"5-534237-8","HEADER 10 2.54mm 180 GRAUS","","5-534237-8","","","","TE Connectivity","","PTH","","10","","2.54mm","","","","Arrow","Mouser","Newark","Farnell","Digi-Key","","42550433S7936075N5665","571-5-534237-8","52K3746","1815119","A32910-ND","","Header 10 2.54mm 180°","*","CN?","CONN RECEPT 10POS .100 VERT GOLD"
"5000751517","MINI USB B 180GRAUS","","5000751517","","","","Molex Inc","","PTH","","5","","-","","","","Farnell","Newark","Digi-Key","Mouser","","","1125349","54K3909","WM2072-ND","538-500075-1517","","","5000751517","*","CN?","CONN RECEPT USB 5POS VERT PCB"
"5040501291","5040501291","","5040501291","","","","Molex, LLC","","SMD","","12","","0.059" (1.50mm)","","","","Newark","Mouser","Digi-Key","Farnell","","","99Y4903","Anonymous Daily Limit Reached","WM16219CT-ND","2614894","","","*","*","CN?","15 WB HEADER ASS'Y EMBTP PKG 12P"
"5084616-3","B2B REC 2X40 0.8mm 180 GRAUS 11.75mm Height","","5084616-3","","","","TE Connectivity AMP Connectors","","SMD","","80","","0.8mm","","","","Digi-Key","Arrow","Newark","","","","A99236CT-ND","8OTdApTkctAPWz4Afdx-4zD2PToeQ25VgLgZZp307uU","96Y2307","","","","5084616-3","*","CN?","CONN RCPT 80POS .8MM FH 13H GOLD"
"5179030-3","B2B PLUG 2X40 0.8mm 180 GRAUS","","5179030-3","","","","TE Connectivity AMP Connectors","","SMD","","80","","0.8mm","","","","Newark","Farnell","Arrow","Mouser","Digikey","","73K1639","1283073","5179030-3","571-5179030-3","A115334-ND","","5179030-3","*","CN?","CONN PLUG 80POS FH .8MM BRD-BRD"
"5747150-7","DB9 VERT PTH","","5747150-7","","","","TE Connectivity","","PTH","","9","","-","","","","Digi-Key","Mouser","Newark","Farnell","","","A34073-ND","571-5747150-7","42K7435","2401250","","","5747150-7","*","CN?","CONN D-SUB RECPT STR 9POS PCB AU"
"61082-043402LF","B2B REC 2X20 0.8mm 180 GRAUS 15.7mm Height","","61082-043402LF","","","","Amphenol FCI","","SMD","","40","","0.8mm","","","","Newark","Avnet","Digi-Key","Mouser","","","06M1456","61082-043402LF/BKN","609-1617-1-ND","649-61082-043402LF","","","61082-043402LF","*","CN?","CONN RECEPT 40POS .8MM DUAL SMD"
"61082-044402LF","B2B REC 2X20 0.8mm 180 GRAUS 15.7mm Height","","61082-044402LF","","","","Amphenol FCI","","SMD","","40","","0.8mm","","","","Digi-Key","Avnet","Newark","Mouser","","","61082-044402LF-ND","61082-044402LF","30Y7848","649-61082-044402LF","","","61082-044402LF","*","CN?","CONN RECEPT 40POS .8MM DUAL SMD"
"61082-083402LF","B2B REC 2X40 0.8mm 180 GRAUS 11.7mm Height","","61082-083402LF","","","","Amphenol FCI","","SMD","","80","","0.8mm","","","","Newark","Arrow","Digi-Key","Avnet","","","57K8346","DobhqSPmcuMmsc-K9iF11GSRc253642WMUMCkGLyd9E","609-1629-1-ND","61082-083402LF/BKN","","","61082-083402LF","*","CN?","CONN RECEPT 80POS .8MM DUAL SMD"
"61082-084402LF","B2B REC 2X40 0.8mm 180 GRAUS 15.7mm Height","","61082-084402LF","","","","Amphenol FCI","","SMD","","80","","0.8mm","","","","Newark","","","","","","30Y7861","","","","","","61082-084402LF","*","CN?","CONN RECEPT 80POS .8MM DUAL SMD"
"61083-042402LF","B2B PLUG 2X20 0.8mm 180 GRAUS 5.7mm height","","61083-042402LF","","","","Amphenol FCI","","SMD","","40","","0.8mm","","","","Newark","Digi-Key","Avnet","Farnell","","","43K4463","609-1669-1-ND","61083-042402LF","1691849","","","61083-042402LF","*","CN?","CONN HEADER 40POS .8MM DUAL SMD"
"61083-044402LF","B2B PLUG 2X20 0.8mm 180 GRAUS 7.7mm height","","61083-044402LF","","","","Amphenol FCI","","SMD","","40","","0.8mm","","","","Avnet","Digi-Key","Newark","","","","61083-044402LF/BKN","609-1673-1-ND","06M1508","","","","61083-044402LF","*","CN?","CONN HEADER 40POS .8MM DUAL SMD"
"61083-081402LF","B2B PLUG 2X40 0.8mm 180 GRAUS 4.7mm Height","","61083-081402LF","","","","Amphenol FCI","","SMD","","80","","0.8mm","","","","Newark","Avnet","Digi-Key","Arrow","","","62K6467","61083-081402LF","609-1683-1-ND","mdwd3wwZ61NcXQtw1wmz58-4gjO5Gn-JMoZbvIO7EUA","","","61083-081402LF","*","CN?","CONN HEADER 80POS .8MM DUAL SMD"
"61083-084402LF","B2B PLUG 2X40 0.8mm 180 GRAUS 7.7mm Height","","61083-084402LF","","","","Amphenol FCI","","SMD","","80","","0.8mm","","","","Avnet","Digi-Key","Arrow","Farnell","Newark","","61083-084402LF","609-1689-1-ND","chvW_dXUSVpgoEYyIabXsPiZsxJ53idAL8c17zpcsYI","2112397","08X5189","","61083-084402LF","*","CN?","CONN HEADER 80POS .8MM DUAL SMD"
"614004135023","614004135023","","614004135023","http://www.we-online.de","Datasheet","http://katalog.we-online.de/em/datasheet/614004135023.pdf","Wurth Electronics Inc.","","","","","614004135023","","June 2016","Wurth Elektronik","","Digikey","Newark","Farnell","Digi-Key","Digi-Key","","732-2732-ND","16T0646","1841168","732-2732-ND","732-8245-ND","","","","J?","CONN USB 4PINS TYPE A VERT"
"66200211122","MICROFIT 2M 3.0MM 180GRAUS","","66200211122","","","","Wurth Electronics Inc","","PTH","","2","","3mm","","","","Farnell","Digi-Key","Newark","","","","2113504","732-4706-5-ND","96T8074","","","","66200211122","*","CN?","MICROFIT 3.0 SR VERT TH PEG TIN"
"66200311122","MICROFIT 3M 3.0MM 180GRAUS","","66200311122","","","","Wurth Electronics Inc","","PTH","","3","","3mm","","","","Digi-Key","Newark","Farnell","","","","732-4709-5-ND","96T8081","2113505","","","","66200311122","*","CN?","CONN HEADER 3POS VERT TIN"
"66200411122","MICROFIT 4M 3.0MM 180GRAUS","","66200411122","","","","Wurth Electronics Inc","","PTH","","4","","3mm","","","","Digi-Key","Newark","Farnell","","","","732-4710-5-ND","96T8083","2113506","","","","66200411122","*","CN?","CONN HEADER 4POS 3MM VERT TIN"
"66201021022","MICROFIT 2x5M 3.0MM 90GRAUS","","66201021022","","","","Wurth Electronics Inc.","","PTH","","10","","3mm","","","","Newark","Digi-Key","Mouser","Farnell","","","19P1327","732-4722-5-ND","710-66201021022","1641825","","","66201021022","*","CN?","WR-MPC3 POWER CONNECTOR 10POS"
"67996-408HLF","PIN BAR 2X4 2.54mm 180 GRAUS 11.5mm length","","67996-408HLF","","","","FCI","","PTH","","8","","2.54mm","","","","Mouser","Newark","Farnell","Digi-Key","","","649-67996-408HLF","84K6416","1278358","609-3391-ND","","","67996-408HLF","*","CN?","CONN HEADER 8POS .100 STR TIN"
"68000-103HLF","PIN BAR 3 2.54mm 180 GRAUS","","68000-103HLF","","","","FCI","","PTH","","3","","2.54mm","","","","Newark","Farnell","Allied","Digi-Key","Mouser","","88K1775","1824560","70236888","609-3461-ND","649-68000-103H","","68000-103HLF","*","CN?","BERGSTIK II .100" SR STRAIGHT"
"68000-106HLF","PIN BAR 6 2.54mm 180 GRAUS","","68000-106HLF","","","","FCI","","PTH","","6","","2.54mm","","","","Newark","Farnell","Digi-Key","Mouser","","","12N0593","1824355","609-3249-ND","649-68000-106H","","","68000-106HLF","*","CN?","CONN HEADER 6POS .100 STR 30AU"
"68000-410HLF","PIN BAR 10 2.54mm 180 GRAUS","","68000-410HLF","","","","FCI","","PTH","","10","","2.54mm","","","","Farnell","Newark","Mouser","Digi-Key","","","1924668","79K4690","649-68000-410HLF","609-3265-ND","","","68000-410HLF","*","CN?","CONN HEADER 10POS .100 STR TIN"
"69190-405HLF","PIN BAR 5 2.54mm 180 GRAUS","","69190-405HLF","","","","FCI","","PTH","","3","","2.54mm","","","","Digi-Key","","","","","","609-4726-ND","","","","","","68000-103HLF","*","CN?","BERGSTIK II SNGL ST"
"70AAJ-4-M0G","70AAJ-4-M","","70AAJ-4-M0G","","","","Bourns Inc.","","SMD","","4","","2.54","","","","Newark","Arrow","Farnell","Digi-Key","","","71R7445","pqLxr7LUTTD1JL_M0_sYlAUJe9IbDiJ4hIX_ec-TGbU","2408826","70AAJ-4-M0GCT-ND","","","70AAJ-4-M0G","*","CN?","MODULAR CONTACT SMD MALE"
"70AAJ-6-M0G","70AAJ-6-M","","70AAJ-6-M0G","","","","Bourns Inc.","","SMD","","6","","2.54","","","","Arrow","Digi-Key","Newark","","","","7lHY8Z9iJ7ehCG-uFxTz8bl57Oub8073nNKU8Lg2F1c","70AAJ-6-M0GCT-ND","71R7446","","","","70AAJ-6-M0G","*","CN?","MODULAR CONTACT SMD MALE"
"77311-118-01LF","PIN BAR 1 2.54mm 180 GRAUS","","77311-118-01LF","","","","Samtec Inc","","PTH","","1","","2.54mm","","","","Arrow","Digi-Key","","","","","8JYtbyLTNBfNwownT033Um8OX-YYJyPCDgwj8uW9lyM","77311-118-01LF-ND","","","","","TSW-101-05-T-S","*","JN?","HEADER BERGSTIK"
"87583-3010RPALF","","","87583-3010RPALF","","","","Amphenol FCI","","PTH","","5","","0.65mm","","","","","","","","","","","","","","","","87583-3010RPALF","*","CN?","USB - A USB 2.0 Receptacle Connector 4 Position Surface Mount, Right Angle, Horizontal"
"87606-804LF","HEADER 2X4 2.54mm 180 GRAUS 8.5mm length","","87606-804LF","","","","Amphenol FCI","","PTH","","8","","2.54mm","","","","Mouser","Digi-Key","","","","","649-87606-804LF","609-5145-ND","","","","","87606-804LF","*","CN?","CONN RCPT 8POS .100" DBL PCB"
"B16B-PUDSS-1(LF)(SN)","HEADER 2X8 2mm 180 GRAUS","","B16B-PUDSS-1(LF)(SN)","","","","JST Sales America Inc","","PTH","","16","","2mm","","","","Farnell","Mouser","Newark","Digi-Key","","","2399154","N/A","53X3086","455-2503-ND","","","B16B-PUDSS-1(LF)(SN)","*","CN?","CONN HDR TOP 16 POS W/BOSS 2MM"
"B2B-PH-K-S","HEADER PH TOP 2POS 2MM","","B2B-PH-K-S","","","","JST Sales America Inc","","PTH","","2","","2mm","","","","Digi-Key","Farnell","Mouser","Newark","","","455-1704-ND","9491856","N/A","37K9940","","","B2B-PH-K-S","*","CN?","CONN HEADER PH TOP 2POS 2MM"
"B3B-PH-K-S(LF)(SN)","HEADER PH TOP 3POS 2MM","","B3B-PH-K-S(LF)(SN)","","","","JST Sales America Inc","","PTH","","3","","2mm","","","","Digi-Key","","","","","","455-1705-ND","","","","","","B3B-PH-K-S(LF)(SN)","*","CN?","CONN HEADER PH TOP 3POS 2MM"
"B5B-PH-K-S(LF)(SN)","HEADER PH TOP 5POS 2MM","","B5B-PH-K-S(LF)(SN)","","","","JST Sales America Inc","","PTH","","5","","2mm","","","","Digikey","Newark","Farnell","","","","455-1707-ND","37K9966","9492445","","","","B5B-PH-K-S(LF)(SN)","*","CN?","CONN HEADER PH TOP 6POS 2MM"
"B6B-PH-K-S(LF)(SN)","HEADER PH TOP 6POS 2MM","","B6B-PH-K-S(LF)(SN)","","","","JST Sales America Inc","","PTH","","6","","2mm","","","","Digi-Key","Farnell","Newark","","","","455-1708-ND","9492453","37K9974","","","","B6B-PH-K-S(LF)(SN)","*","CN?","CONN HEADER PH TOP 6POS 2MM"
"BPDDI-25MM-20","PIN BAR 2X10 2.54mm 180 GRAUS 25mm length","","BPDDI-25MM-20","","","","Metaltex","","PTH","","20","","2.54mm","","","","","","","","","","","","","","","","BPDDI-25MM-20","*","CN?","PIN BAR 2x10 25MM LENGTH 2.54MM PITCH"
"D09S24A4GV00LF","DB9 VERT PTH","","D09S24A4GV00LF","","","","Amphenol FCI","","PTH","","9","","-","","","","Digi-Key","Mouser","Newark","Farnell","","","609-1485-ND","649-D09S24A4GV00LF","62K4177","1103913","","","D09S24A4GV00LF","*","CN?","CONN D-SUB RECPT STR 9POS PTH"
"DTM13-12PA-R008","DEUTSCH  DTM13-12PA-R008  CONNECTOR","","DTM13-12PA-R008","","","","DEUTSCH","","PTH","","12","","4.2mm x 6.35mm","","","","Mouser","Newark","Farnell","","","","571-DTM13-12PA-R008","26W9681","2138245","","","","DTM13-12PA-R008","*","CN?","DEUTSCH  DTM13-12PA-R008  CONNECTOR, RECTANGULAR POWER, HEADER, 12POS, PCB"
"FTR-110-03-G-D-06","HEADER SMD 2X10 1.27mm 180 GRAUS 2.54mm row spacing","","FTR-110-03-G-D-06","","","","Samtec Inc.","","SMD","","20","","1.27mm","","","","Digikey","Newark","Arrow","","","","SAM8790-ND","15P8450","FTR-110-03-G-D-06","","","","FTR-110-03-G-D-06","*","CN?","CONN HEADER 20POS 1.27MM DUL SMD"
"GRPB061VWCN-RC","HEADER 6 1.27mm 90 GRAUS","","GRPB061VWCN-RC","","","","Sullins Connector Solutions","","PTH","","6","","1.27mm","","","","Digi-Key","","","","","","S9016E-06-ND","","","","","","Header 6 1.27mm 90°","*","CN?","CONN HEADER .050" 6POS PCB R/A"
"JXD0-0001NL","RJ45 1000 BASE-T MAG JXD0-0001NL","","JXD0-0001NL","","","","Pulse Electronics Network","","SMD","","14","","2.54mm","","","","Arrow","Digi-Key","Avnet","","","","pJiFfbCJsD2NDg85R90S1SWRbwx-wZUWm4pMcdKNDPU","553-3264-ND","JXD0-0001NL","","","","JXD0-0001NL","*","CN?","CONN MAGJACK 1PORT 1000BASE-T"
"L829-1J1T-43","RJ45 1000 BASE-T MAG L829-1J1T-43","","L829-1J1T-43","","","","Bel Fuse Inc.","","SMD","","17","","2.03mm","","","","Newark","Arrow","Farnell","Digi-Key","","","03AC2837","3Ota69NMpKkOX1aL0nZZj7kdIy59kYmg-eBDxc6c53E","2675997","380-1110-ND","","","L829-1J1T-43","*","CN?","CONN MAGJACK 1PORT 1000 BASE-T"
"LD09S33E4GV00LF","DB9 HOR PTH","","LD09S33E4GV00LF","","","","Amphenol FCI","","PTH","","9","","-","","","","Digi-Key","Newark","","","","","609-5192-ND","79X7591","","","","","LD09S33E4GV00LF","*","CN?","CONN D-SUB RECPT STR 9POS PTH"
"M20-9990246","PIN BAR 2 2.54mm 180 GRAUS","","M20-9990246","","","","Harwin Inc.","","PTH","","2","","2.54mm","","","","Digi-Key","Mouser","Newark","Farnell","","","952-2262-ND","855-M20-9990246","56K0146","7991916","","","M20-9990246","*","CN?","SIL VERTICAL PC TAIL PIN HEADER"
"MCD-10","HEADER 2X10 2.54mm 180 GRAUS 8.5mm length","","MCD-10","","","","Metaltex","","PTH","","20","","2.54mm","","","","","","","","","","","","","","","","MCD-10","*","CN?","HEADER 2x10 8.5MM LENGTH 2.54MM PITCH"
"OSTTC022162","TBLOCK 2x5.08","","OSTTC022162","","","","On Shore Technology Inc.","","PTH","","2","","5.08mm","","","","Digi-Key","Mouser","Newark","Farnell","","","ED2609-ND","Anonymous Daily Limit Reached","18M9779","1386121","","","OSTTC022162","*","CN?","TERM BLOCK 5.08MM VERT 2POS PCB"
"OSTTC042162","TBLOCK 4x5.08","","OSTTC042162","","","","On Shore Technology Inc.","","PTH","","4","","5.08mm","","","","Digi-Key","","","","","","ED2611-ND","","","","","","OSTTC042162","*","CN?","TERM BLOCK 5.08MM VERT 4POS PCB"
"OSTVN04A150","TBLOCK 4x2.54","","OSTVN04A150","","","","On Shore Technology Inc.","","PTH","","4","","2.54mm","","","","Digi-Key","Farnell","","","","","ED10563-ND","3041414","","","","","OSTVN04A150","*","CN?","CONN TERM BLOCK 2.54MM 4POS PCB"
"PJ-002B","DC Jack","","PJ-002B","","","","CUI Inc","","PTH","","3","","2.5mm","","","","Mouser","Digi-Key","","","","","490-PJ-002B","CP-002B-ND","","","","","DC Jack","*","CN?","CONN POWER JACK MALE 2.5MM CLSD"
"PPTC041LFBN-RC","HEADER 4 2.54mm 180 GRAUS","","PPTC041LFBN-RC","","","","Sullins Connector Solutions","","PTH","","4","","2.54mm","","","","Digi-Key","Newark","Farnell","","","","S7002-ND","38K5904","7991932","","","","PPTC041LFBN-RC","*","CN?","CONN RECEPT 4POS .100 VERT TIN"
"PPTC041LGBN-RC","HEADER 4 2.54mm 90 GRAUS","","PPTC041LGBN-RC","","","","Sullins Connector Solutions","","PTH","","4","","2.54mm","","","","Digi-Key","Newark","Farnell","","","","S5440-ND","11P9381","1668345","","","","PPTC041LGBN-RC","*","CN?","CONN RECEPT 4POS .100 RGT ANGLE TIN"
"PPTC101LFBN-RC","HEADER 10 2.54mm 180 GRAUS","","PPTC101LFBN-RC","","","","Sullins Connector Solutions","","PTH","","10","","2.54mm","","","","Digi-Key","","","","","","S7008-ND","","","","","","PPTC101LFBN-RC","*","CN?","CONN RECEPT 10POS .100 VERT PTH"
"RJE73-188-00440","RJ45 RJE73-188","","RJE73-188-00440","","","","Amphenol Commercial Products","","PTH","","12","","2.03mm","","","","Newark","Mouser","Digi-Key","","","","47W2109","523-RJE7318800440","RJE73-188-00440CT-ND","","","","RJE73-188-00440","*","CN?","CONN MOD JACK 8P8C R/A SHIELDED"
"RJHSE-5481","RJ45 RJHSE-5481","","RJHSE-5481","","","","Amphenol Commercial Products","","PTH","","12","","2.03mm","","","","Digikey","Newark","Arrow","Farnell","","","RJHSE-5481-ND","39M1073","RJHSE5481","2095417","","","RJHSE-5481","*","CN?","CONN MOD JACK 8P8C R/A SHIELDED"
"S12B-ZR-SM4A-TF(LF)(SN)","S12B-ZR-SM4A-TF(LF)(SN)","","S12B-ZR-SM4A-TF(LF)(SN)","","","","Molex, LLC","","SMD","","12","","0.059" (1.50mm)","","","","Digi-Key","Digi-Key","","","","","455-1702-6-ND","455-1702-1-ND","","","","","*","*","CN?","CONN HEADER ZH SIDE 12POS 1.5MM"
"S5B-PH-K-S(LF)(SN)","HEADER PH 90 5POS 2MM","","S5B-PH-K-S(LF)(SN)","","","","JST Sales America Inc","","PTH","","5","","2mm","","","","Digikey","Newark","Farnell","","","","455-1722-ND","38K8078","9492496","","","","S5B-PH-K-S(LF)(SN)","*","CN?","CONN HEADER PH SIDE 5POS 2MM"
"SBH11-PBPC-D05-RA-BK","HEADER 2X5 2.54mm 90 GRAUS SHROUDED","","SBH11-PBPC-D05-RA-BK","","","","Sullins Connector Solutions","","SMD","","10","","2.54","","","","Digi-Key","","","","","","S9177-ND","","","","","","SBH11-PBPC-D05-RA-BK","*","CN?","CONN HEADR 2.54MM 10POS GOLD R/A"
"SBH11-PBPC-D05-ST-BK","HEADER 2X5 2.54mm 180 GRAUS SHROUDED","","SBH11-PBPC-D05-ST-BK","","","","Sullins Connector Solutions","","SMD","","10","","2.54","","","","Digi-Key","","","","","","S9169-ND","","","","","","SBH11-PBPC-D05-ST-BK","*","CN?","CONN HEADER 2.54MM 10POS GOLD"
"SBH21-NBPN-D05-ST-BK","HEADER 2X5 2mm 180 GRAUS","","SBH21-NBPN-D05-ST-BK","","","","FCI","","PTH","","10","","2mm","","","","Digi-Key","","","","","","S9018-ND","","","","","","SBH21-NBPN-D05-ST-BK","*","CN?","CONN HEAD 2MM 10POS GOLD"
"SBH41-NBPB-D10-SM-BK","HEADER SMD 2X10 1.27mm 180 GRAUS 2.54mm row spacing shrouded","","SBH41-NBPB-D10-SM-BK","","","","Sullins Connector Solutions","","SMD","","20","","1.27mm","","","2.54mm","Digi-Key","","","","","","S9134-ND","","","","","","SBH41-NBPB-D10-SM-BK","","CN?","CONN HEADR 1.27MM 20POS GOLD SMD"
"SFH11-PBPC-D05-ST-BK","HEADER 2X5 2.54mm 180 GRAUS UNSHROUDED FEMALE","","SFH11-PBPC-D05-ST-BK","","","","Sullins Connector Solutions","","SMD","","10","","2.54","","","","Digi-Key","","","","","","S9194-ND","","","","","","SFH11-PBPC-D05-ST-BK","*","CN?","CONN HEADER 2.54MM 10POS GOLD"
"SFH11-PBPC-D20-ST-BK","HEADER 2X20 2.54mm 180 GRAUS 8.5mm length","","SFH11-PBPC-D20-ST-BK","","","","Sullins Connector Solutions","","PTH","","40","","2.54mm","","","","Digi-Key","","","","","","S9200-ND","","","","","","SFH11-PBPC-D20-ST-BK","*","CN?","40 Position Header Connector 0.100" (2.54mm) Through Hole Gold"
"SH152H-5.08","SANHE SH152H-5.08","","SH152H-5.08","","","","Sanhe","","PTH","","2","","5.08mm","","","","","","","","","","","","","","","","SH152H-5.08","*","CN?","Terminal block 5.08mm"
"SH230V-5.0/5.08","SANHE SH230V-5.0/5.08","","SH230V-5.0/5.08","","","","Sanhe","","PTH","","2","","5.08mm","","","","","","","","","","","","","","","","SH230V-5.0/5.08","*","CN?","Pluggable terminal block 5.0/5.08mm the header part"
"SJ-43515TS-SMT-TR","AUDIO JACK 3.5MM SJ-43515TS-SMT-TR","","SJ-43515TS-SMT-TR","","","","CUI Inc","","SMD","","5","","-","","","","Mouser","Digi-Key","","","","","490-SJ43515TS-SMT-TR","CP-43515TSSJCT-ND","","","","","SJ-43515TS-SMT-TR","*","CN?","CONN AUDIO JACK 3.5MM 4COND SMD"
"SJ1-2535-SMT-TR","AUDIO JACK 2.5MM SJ1-2535-SMT-TR","","SJ1-2535-SMT-TR","","","","CUI Inc","","SMD","","5","","-","","","","Digi-Key","","","","","","CP1-2535SJCT-ND","","","","","","SJ1-2535-SMT-TR","*","CN?","CONN JACK STEREO 5PIN 2.5MM SMD"
"SSQ-126-03-G-D","HEADER 2X26 2.54mm 180 GRAUS 8.5mm length 10mm contacts length","","SSQ-126-03-G-D","","","","Samtec Inc.","","PTH","","52","","2.54mm","","","","","","","","","","","","","","","","SSQ-126-03-G-D","*","CN?","CONN RCPT 52POS 0.1 GOLD PCB"
"SSW-126-01-G-D","HEADER 2X26 2.54mm 180 GRAUS 8.5mm length 2.64mm contacts length","","SSW-126-01-G-D","","","","Samtec Inc.","","PTH","","52","","2.54mm","","","","","","","","","","","","","","","","SSW-126-01-G-D","*","CN?","CONN RCPT 52POS 0.1 GOLD PCB"
"TC2050-IDC-NL","TC2050-IDC-NL","","TC2050-IDC-NL","","","","Tag-Connect LLC","","SMD","","10","","1.27mm","","","","Digi-Key","","","","","","TC2050-IDC-NL-ND","","","","","","TC2050-IDC-NL","*","JTAG","CBL PLUG-OF-NAILS 10-PIN"
"TMS-125-01-G-S","TMS-118-01-G-S","","TMS-125-01-G-S","","","","Samtec Inc.","","Through Hole","","18","","0.050" (1.27mm)","","","","Digi-Key","Arrow","","","","","SAM8878-ND","aVaFlgLLU0A_1Y-lVkyRm2cUsrlwONEfi0g9H_BYpsw","","","","","*","*","CN?","CONN HEADER VERT SGL 18POS GOLD"
"TSM-107-01-L-DV-006","HEADER SMD 2X7 2.54mm 180 GRAUS","","TSM-107-01-L-DV-006","","","","Samtec Inc.","","SMD","","14","","2.54mm","","","","Arrow","Newark","Digi-Key","","","","TSM-107-01-L-DV-006","77P9270","SAM10289-ND","","","","TSM-107-01-L-DV-006","*","CN?",".025 SQ. TERMINAL STRIPS"
"TSW-101-05-T-S","PIN BAR 1 2.54mm 180 GRAUS","PIN BAR 1 2.54mm 180 GRAUS - Hide","TSW-101-05-T-S","","","","Samtec Inc","","PTH","","2","","2.54mm","","","","Farnell","Newark","Digi-Key","Arrow","Digi-Key","Newark","1925384","84T5043","SAM1019-02-ND","T9xGEsh_w6igb0LY4EP_nwsWhIkhCEmR3qLYTGm2XzA","SAM1019-01-ND","69X6269","TSW-101-05-T-S","*","CN?","CONN HEADER 1POS .100" SNGL TIN"
"TSW-102-05-T-S","PIN BAR 2 2.54mm 180 GRAUS","","TSW-102-05-T-S","","","","Samtec Inc","","PTH","","2","","2.54mm","","","","Farnell","Newark","Digi-Key","","","","1925384","84T5043","SAM1019-02-ND","","","","TSW-102-05-T-S","*","CN?","CONN HEADER 2POS .100" SNGL TIN"
"TSW-103-05-T-S","PIN BAR 3 2.54mm 180 GRAUS","","TSW-103-05-T-S","","","","Samtec Inc","","PTH","","3","","2.54mm","","","","Farnell","Digi-Key","Newark","","","","1925517","SAM1019-03-ND","84T5317","","","","TSW-103-05-T-S","*","CN?","CONN HEADER 3POS .100" SNGL TIN"
"TSW-126-07-G-D","PIN BAR 2X26 2.54mm 180 GRAUS 2.54mm length 5.84 contacts lenght","","TSW-126-07-G-D","","","","Samtec Inc.","","PTH","","52","","2.54mm","","","","","","","","","","","","","","","","TSW-126-07-G-D","*","CN?","CONN HEADER VERT 52POS 2.54MM"
"UE27AC54100","USB A PTH 90 R/A","","UE27AC54100","","","","Amphenol Commercial Products","","PTH","","4","","2mm","","","","Digi-Key","Newark","Allied","Farnell","Farnell","","UE27AC54100-ND","86K9575","70323399","2709068","2134385","","UE27AC54100","*","CN?","CONN RCPT USB TYPE A R/A GOLD"
"ZF5S-15-01-T-WT","ZF5S-15-01-T-WT","","ZF5S-15-01-T-WT","","","","Samtec Inc.","","","","","","","","","","Digi-Key","Farnell","Newark","","","","SAM10388-ND","1846439","16R9542","","","","","","CN?","ZERO INSERTION FORCE .5MM ASSY"
