"LIBRARYREFERENCE","FOOTPRINT1","FOOTPRINT2","COMMENT","CURRENT","MANUFACTURER","MANUFACTURER PART NUMBER","MOUNT TYPE","POWER","SUPPLIER 1","SUPPLIER 2","SUPPLIER 3","SUPPLIER 4","SUPPLIER 5","SUPPLIER 6","SUPPLIER 7","SUPPLIER PART NUMBER 1","SUPPLIER PART NUMBER 2","SUPPLIER PART NUMBER 3","SUPPLIER PART NUMBER 4","SUPPLIER PART NUMBER 5","SUPPLIER PART NUMBER 6","SUPPLIER PART NUMBER 7","TOLERANCE","VALUE","SHEETPART","DESIGNATOR","DESCRIPTION"
"*MODEL_POT","","","Part Number","","*","","*","xxW","","","","","","","","","","","","","","","xx%","xxyR","*","R?","Description"
"*MODEL_RES","","","Part Number","","*","","*","xxW","","","","","","","","","","","","","","","xx%","xxyR","*","R?","Description"
"1-1622820-4","R2512_MD","","1-1622820-4","","Rohm Semiconductor","","SMD","1W","Digi-Key","","","","","","","A102507CT-ND","","","","","","","5%","1K","*","R?","RES 1K OHM 1W 5% 2512 SMD"
"1623849-7","TRIMPOT MULT VERT","","1623849-7","","TE Connectivity Passive Product","","PTH","1/2W","Digi-Key","Newark","","","","","","A105771-ND","18R7235","","","","","","10%","1k","*","R?","TRIMMER 1K OHM 0.5W TH"
"311-12KGRCT-ND","R0603_HD","","311-12KGRCT-ND","","Yageo","","SMD","1/10W","Farnell","Digi-Key","Newark","","","","","1799387","311-12KGRCT-ND","68R0149","","","","","1%","12K","*","R?","RES SMD 12K OHM 5% 1/10W 0603"
"311-6.20KHRCT-ND","R0603_HD","","311-6.20KHRCT-ND","","Yageo","","SMD","1/10W","Mouser","Digi-Key","","","","","","603-RC0603FR-076K2L","311-6.20KHRCT-ND","","","","","","1%","6.2K","*","R?","RES SMD 6.2K OHM 1% 1/10W 0603"
"3299W-1-502LF","TRIMPOT MULT VERT","","3299W-1-502LF","","Bourns Inc.","","PTH","1/2W","Farnell","Arrow","Newark","Allied","Digi-Key","Mouser","","9353801","41630185S7049765N1506","32K7947","70153969","3299W-502LF-ND","652-3299W-1-502","","10%","5K","*","R?","TRIMMER 5K OHM 0.5W PTH"
"AC0402FR-0736K5L","R0402_MD","","AC0402FR-0736K5L","","Yageo","","SMD","1/16W","","","","","","","","","","","","","","","1%","36.5k","*","R?","RES SMD 36.5K OHM 1% 1/16W 0402"
"CF14JT100K","RES_AXIAL_0.4","","CF14JT100K","","Stackpole Electronics Inc.","","PTH","1/4W","Digi-Key","","","","","","","CF14JT100KCT-ND","","","","","","","5%","100K","*","R?","RES 100K OHM 1/4W 5% CARBON FILM"
"CF14JT12K0","RES_AXIAL_0.4","","CF14JT12K0","","Stackpole Electronics Inc.","","PTH","1/4W","Digi-Key","","","","","","","CF14JT12K0CT-ND","","","","","","","5%","12K","*","R?","RES 12K OHM 1/4W 5% CARBON FILM"
"CF14JT1M00","RES_AXIAL_0.4","","CF14JT1M00","","Stackpole Electronics Inc.","","PTH","1/4W","Digi-Key","","","","","","","CF14JT1M00CT-ND","","","","","","","5%","1M","*","R?","RES 1M OHM 1/4W 5% CARBON FILM"
"CF14JT20K0","RES_AXIAL_0.4","","CF14JT20K0","","Stackpole Electronics Inc.","","PTH","1/4W","Digi-Key","","","","","","","CF14JT20K0CT-ND","","","","","","","5%","20K","*","R?","RES 20K OHM 1/4W 5% CARBON FILM"
"CFM12JT4R70","RES_AXIAL_0.4","","CFM12JT4R70","","Stackpole Electronics Inc.","","PTH","1/2W","Digi-Key","","","","","","","S4.7HCT-ND","","","","","","","5%","4.7R","*","R?","RES 4.7 OHM 1/2W 5% CF MINI"
"CPF0603B750KE","R0603_MD","","CPF0603B750KE","","TE Connectivity Passive Product","","SMD","1/16W","Digi-Key","","","","","","","A102315CT-ND","","","","","","","0.1%","750k","*","R?","RES SMD 750K OHM 0.1% 1/16W 0603"
"CRA2512-FZ-R050ELF","R2512_MD","","CRA2512-FZ-R050ELF","","Bourns Inc.","","SMD","3W","Arrow","Digi-Key","Newark","","","","","1QV8IENUoueP8K4uRUHPBUnorWqm-4gMHjDhRvvurObjRM-Xpb9FWQC1nzZCAqtM","CRA2512-FZ-R050ELFCT-ND","14P5524","","","","","1%","0.05R","*","R?","RES SMD 0.05 OHM 1% 3W 2512"
"CRA2512-FZ-R100ELF","R2512_MD","","CRA2512-FZ-R100ELF","","Bourns Inc.","","SMD","3W","Newark","Arrow","Digi-Key","","","","","14P5534","1QV8IENUoueP8K4uRUHPBU-Px8d3bFNOElKhHkltt9PjRM-Xpb9FWQC1nzZCAqtM","CRA2512-FZ-R100ELFCT-ND","","","","","1%","0.1R","*","R?","RES SMD 0.1 OHM 1% 3W 2512"
"CRCW06031M33FKEA","R0603_MD","","CRCW06031M33FKEA","","Vishay Dale","","SMD","1/10W","Farnell","Digi-Key","","","","","","2122760","541-1.33MHCT-ND","","","","","","1%","1.33M","*","R?","RES SMD 1.33M OHM 1% 1/10W 0603"
"CRCW060338K3FKEA","R0603_MD","","CRCW060338K3FKEA","","Vishay Dale","","SMD","1/10W","Farnell","Digi-Key","Allied","Newark","Mouser","","","1151972","541-38.3KHCT-ND","70203442","52K8469","71-CRCW0603-38.3K-E3","","","1%","38.3k","*","R?","RES 38.3K OHM 1/10W 1% 0603 SMD"
"CRCW06033M57FKEA","R0603_MD","","CRCW06033M57FKEA","","Vishay Dale","","SMD","1/10W","Mouser","Newark","Digi-Key","Farnell","","","","71-CRCW0603-3.57M-E3","47P3556","541-3.57MHCT-ND","2316366","","","","1%","3.57M","*","R?","RES 3.57M OHM 1/10W 1% 0603 SMD"
"CRCW060350R0FKEA","R0603_HD","","CRCW060350R0FKEA","","Vishay Dale","","SMD","1/10W","Digi-Key","","","","","","","541-3318-1-ND","","","","","","","1%","50R","*","R?","RES SMD 50 OHM 1% 1/10W 0603"
"CRCW060354R9FKEA","R0603_MD","","CRCW060354R9FKEA","","Vishay Dale","","SMD","1/10W","Digi-Key","Farnell","Newark","Mouser","","","","541-54.9HCT-ND","2059278","52K8611","71-CRCW0603-54.9-E3","","","","1%","54.9k","*","R?","RES 54.9 OHM 1/10W 1% 0603 SMD"
"CRCW080510K0FKEA","R0805_MD","","CRCW080510K0FKEA","","Vishay Dale","","SMD","1/8W","Newark","Mouser","Digi-Key","Allied","Farnell","","","52K9795","71-CRCW0805-10K-E3","541-10.0KCCT-ND","70201192","1632457","","","1%","10k","*","R?","RES 10.0K OHM 1/8W 1% 0805 SMD"
"CRCW080511K3FKEA","R0805_MD","","CRCW080511K3FKEA","","Vishay Dale","","SMD","1/8W","Newark","Digi-Key","Allied","Farnell","Mouser","","","52K9819","541-11.3KCCT-ND","70203994","1652911","71-CRCW0805-11.3K-E3","","","1%","11.3k","*","R?","RES 11.3K OHM 1/8W 1% 0805 SMD"
"CRCW0805121KFKEA","R0805_MD","","CRCW0805121KFKEA","","Vishay Dale","","SMD","1/8W","Newark","Farnell","Digi-Key","Mouser","Allied","","","27W4461","2283231","541-121KCCT-ND","71-CRCW0805121KFKEB","70202009","","","1%","121k","*","R?","RES 121K OHM 1/8W 1% 0805 SMD"
"CRCW08051K00FKEA","R0805_MD","R0805_HD","CRCW08051K00FKEA","","Vishay Dale","","SMD","1/8W","Mouser","Allied","Arrow","Digi-Key","Farnell","Newark","","71-CRCW0805-1.0K-E3","70203853","41407656S7054765N6892","541-1.00KCCT-ND","1631371","01N6988","","1%","1K","*","R?","RES 1.00K OHM 1/8W 1% 0805 SMD"
"CRCW08051K13FKEA","R0805_MD","","CRCW08051K13FKEA","","Vishay Dale","","SMD","1/8W","Newark","Farnell","Mouser","Digi-Key","Allied","","","52K9731","1252517","71-CRCW0805-1.13K-E3","541-1.13KCCT-ND","70203856","","","1%","1.13k","*","R?","RES 1.13K OHM 1/8W 1% 0805 SMD"
"CRCW08051M00FKEA","R0805_MD","","CRCW08051M00FKEA","","Vishay Dale","","SMD","1/8W","Allied","Digi-Key","Newark","Farnell","Mouser","","","70201206","541-1.00MCCT-ND","52K9759","1127644","71-CRCW0805-1.0M-E3","","","1%","1M","*","R?","RES 1.00M OHM 1/8W 1% 0805 SMD"
"CRCW0805249KFKEA","C0805_HD","","CRCW0805249KFKEA","","Vishay Dale","","SMD","1/8W","Arrow","Newark","Digi-Key","","","","","5VvND1i2qBMs3WlhN-WfgiboDVg_9Ey6ZJUIGsK7At4","53K0051","541-249KCCT-ND","","","","","1%","249KR","*","R?","RES SMD 249K OHM 1% 1/8W 0805"
"CRCW08052K20FKEA","R0805_MD","R0805_HD","CRCW08052K20FKEA","","Vishay-Dale","","SMD","1/8W","","","","","","","","","","","","","","","1%","2K2","*","R?","RES 2.20K OHM 1/8W 1% 0805 SMD"
"CRCW08052K80FKEA","R0805_MD","","CRCW08052K80FKEA","","Vishay Dale","","SMD","1/8W","Farnell","Digi-Key","Allied","Mouser","Newark","","","2283319","541-2.80KCCT-ND","70203905","71-CRCW0805-2.8K-E3","52K9966","","","1%","2.8k","*","R?","RES 2.80K OHM 1/8W 1% 0805 SMD"
"CRCW080534K0FKEA","C0805_MD","","CRCW080534K0FKEA","","Vishay Dale","","SMD","1/8W","Arrow","Newark","Digi-Key","","","","","jwpbiTwFajJnPWr7ue9w1VHgdX1L5OF1mlEYhWp1A-E","53K0167","541-34.0KCCT-ND","","","","","1%","34KR","*","R?","RES SMD 34K OHM 1% 1/8W 0805"
"CRCW0805390RFKEAHP","R0805_MD","","CRCW0805390RFKEAHP","","Vishay Dale","","SMD","0.5W, 1/2W","Digi-Key","Digi-Key","Mouser","","","","","541-390TDKR-ND","541-390TCT-ND","Anonymous Daily Limit Reached","","","","","1%","390R","*","R?","RES SMD 390 OHM 1% 1/2W 0805"
"CRCW08053K32FKEA","R0805_HD","R0805_MD","CRCW08053K32FKEA","","Vishay-Dale","","SMD","1/8W","Arrow","Digi-Key","Mouser","Newark","Farnell","","","41410700S7558363N6892","541-3.32KCCT-ND","71-CRCW0805-3.32K-E3","53K0099","1469912","","","1%","3.32K","*","R?","RES 3.32K OHM 1/8W 1% 0805 SMD"
"CRCW08053K60FKEA","R0805_HD","R0805_MD","CRCW08053K60FKEA","","Vishay-Dale","","SMD","1/8W","Allied","Farnell","Newark","Mouser","Digi-Key","Arrow","","70203921","1252578","53K0104","71-CRCW08053K60FKEA","541-3.60KCCT-ND","41410869S7116743N6892","","1%","3.6K","*","R?","RES 3.60K OHM 1/8W 1% 0805 SMD"
"CRCW080546K4FKEA","R0805_MD","","CRCW080546K4FKEA","","Vishay Dale","","SMD","1/8W","Farnell","Mouser","Digi-Key","Newark","Allied","","","1653005","71-CRCW0805-46.4K-E3","541-46.4KCCT-ND","53K0273","70204086","","","1%","46.4k","*","R?","RES 46.4K OHM 1/8W 1% 0805 SMD"
"CRCW08054K70FKEA","R0805_HD","R0805_MD","CRCW08054K70FKEA","","Vishay Dale","","SMD","1/8W","Allied","Newark","Farnell","Digi-Key","Mouser","","","70203938","53K0215","1469923","541-4.70KCCT-ND","71-CRCW0805-4.7K-E3","","","1%","4.7K","*","R?","RES 4.70K OHM 1/8W 1% 0805 SMD"
"CRCW0805510RFKEA","R0805_HD","","CRCW0805510RFKEA","","Vishay Dale","","SMD","1/8W","Digi-Key","Newark","Mouser","","","","","541-510CCT-ND","07J5202","71-CRCW0805510RFKEA","","","","","1%","510R","*","R?","RES SMD 510 OHM 1% 1/8W 0805"
"CRCW08055K23FKEA","R0805_MD","","CRCW08055K23FKEA","","Vishay Dale","","SMD","1/8W","Farnell","Mouser","Newark","Digi-Key","Allied","","","1246895","71-CRCW0805-5.23K-E3","53K0302","541-5.23KCCT-ND","70203947","","","1%","5.23k","*","R?","RES 5.23K OHM 1/8W 1% 0805 SMD"
"CRCW080573K2FKEA","R0805_MD","","CRCW080573K2FKEA","","Vishay Dale","","SMD","1/8W","Farnell","Digi-Key","Newark","Mouser","","","","2283436","541-73.2KCCT-ND","53K0462","71-CRCW080573K2FKEA","","","","1%","73.2k","*","R?","RES 73.2K OHM 1/8W 1% 0805 SMD"
"CRCW08058K66FKEA","R0805_MD","","CRCW08058K66FKEA","","Vishay Dale","","SMD","1/8W","Mouser","Newark","Digi-Key","Farnell","Allied","","","71-CRCW0805-8.66K-E3","53K0482","541-8.66KCCT-ND","1610017","70203980","","","1%","8.66k","*","R?","RES 8.66K OHM 1/8W 1% 0805 SMD"
"CRCW08058K87FKEA","R0805_MD","","CRCW08058K87FKEA","","Vishay Dale","","SMD","1/8W","Farnell","Newark","Mouser","Digi-Key","Allied","","","2283455","53K0483","71-CRCW0805-8.87K-E3","541-8.87KCCT-ND","70203981","","","1%","8.87k","*","R?","RES 8.87K OHM 1/8W 1% 0805 SMD"
"CRCW12100000Z0EA","R1210_MD","","CRCW12100000Z0EA","","Panasonic Electronic Components","","SMD","1/10W","Digi-Key","","","","","","","541-0.0VCT-ND","","","","","","","1%","0R","*","R?","RES SMD 0.0 OHM JUMPER 1/2W 1210"
"CRCW251256K0JNEG","R2512_MD","","CRCW251256K0JNEG","","Vishay Dale","","SMD","1W","Mouser","Digi-Key","","","","","","71-CRCW2512J-56K-E3","541-56KXCT-ND","","","","","","5%","56k","*","R?","RES SMD 56K OHM 5% 1W 2512"
"CRCW251262R0JNEG","R2512_MD","","CRCW251262R0JNEG","","Vishay Dale","","SMD","1W","Mouser","Newark","Digi-Key","","","","","71-CRCW251262R0JNEG","53K3982","541-62XCT-ND","","","","","5%","62R","*","R?","RES SMD 62 OHM 5% 1W 2512"
"CRM2512-FX-R200ELF","R2512_MD","","CRM2512-FX-R200ELF","","Bourns Inc.","","SMD","2W","Digi-Key","Farnell","Newark","","","","","CRM2512-FX-R200ELFCT-ND","1254665","68Y8722","","","","","1%","0.2R","*","R?","RES SMD 0.2 OHM 1% 2W 2512"
"CSR1206FK15L0","R1206_MD","","CSR1206FK15L0","","Stackpole Electronics Inc","","SMD","1/2W","Digi-Key","","","","","","","CSR1206FK15L0CT-ND","","","","","","","1%","0.015R","*","R?","RES 0.015 OHM 1/2W 1% 1206"
"CSR1206FK20L0","R1206_MD","","CSR1206FK20L0","","Stackpole Electronics Inc","","SMD","1/2W","Mouser","Digi-Key","","","","","","N/A","CSR1206FK20L0CT-ND","","","","","","1%","0.02R","*","R?","RES 0.02 OHM 1/2W 1% 1206"
"CSRN2010FKR200","R2010_MD","","CSRN2010FKR200","","Stackpole Electronics Inc.","","SMD","1W","Digi-Key","","","","","","","CSRN2010FKR200CT-ND","","","","","","","1%","0.2R","*","R?","RES SMD 0.2 OHM 1% 1W 2010"
"CSRN2010FKR250","R2010_MD","","CSRN2010FKR250","","Stackpole Electronics Inc","","SMD","1W","Digi-Key","","","","","","","CSRN2010FKR250CT-ND","","","","","","","1%","0.25R","*","R?","RES 0.25 OHM 1W 1% 2010"
"ERA-3AEB101V","R0603_MD","","ERA-3AEB101V","","Panasonic Electronic Components","","SMD","1/10W","Digi-Key","Newark","","","","","","P100DBCT-ND","08N2093","","","","","","0.1%","100R","*","R?","RES SMD 100 OHM 0.1% 1/10W 0603"
"ERA-3AEB1021V","R0603_MD","","ERA-3AEB1021V","","Panasonic Electronic Components","","SMD","1/10W","Digi-Key","Newark","","","","","","P1.02KDBCT-ND","55W9409","","","","","","0.1%","1.02k","*","R?","RES SMD 1.02KOHM 0.1% 1/10W 0603"
"ERA-3AEB304V","R0603_MD","","ERA-3AEB304V","","Panasonic Electronic Components","","SMD","1/10W","Newark","Digi-Key","","","","","","39P9972","P300KDBCT-ND","","","","","","0.1%","300k","*","R?","RES SMD 300K OHM 0.1% 1/10W 0603"
"ERA-3AEB680V","R0603_MD","","ERA-3AEB680V","","Panasonic Electronic Components","","SMD","1/10W","Newark","Digi-Key","","","","","","05X8542","P68DBCT-ND","","","","","","0.1%","68R","*","R?","RES SMD 68 OHM 0.1% 1/10W 0603"
"ERJ-2RKF1000X","R0402_MD","","ERJ-2RKF1000X","","Panasonic Electronic Components","","SMD","1/10W","","","","","","","","","","","","","","","1%","100R","*","R?","RES SMD 100 OHM 1% 1/10W 0402"
"ERJ-2RKF1001X","R0402_MD","","ERJ-2RKF1001X","","Panasonic Electronic Components","","SMD","1/10W","","","","","","","","","","","","","","","1%","1k","*","R?","RES SMD 1K OHM 1% 1/10W 0402"
"ERJ-2RKF1002X","R0402_MD","","ERJ-2RKF1002X","","Panasonic Electronic Components","","SMD","1/10W","","","","","","","","","","","","","","","1%","10k","*","R?","RES SMD 10K OHM 1% 1/10W 0402"
"ERJ-2RKF2200X","R0402_MD","","ERJ-2RKF2200X","","Panasonic Electronic Components","","SMD","1/10W","","","","","","","","","","","","","","","1%","220R","*","R?","RES SMD 220 OHM 1% 1/10W 0402"
"ERJ-2RKF22R0X","R0402_MD","","ERJ-2RKF22R0X","","Panasonic Electronic Components","","SMD","1/10W","","","","","","","","","","","","","","","1%","22R","*","R?","RES SMD 22 OHM 1% 1/10W 0402"
"ERJ-2RKF4701X","R0402_MD","","ERJ-2RKF4701X","","Panasonic Electronic Components","","SMD","1/10W","","","","","","","","","","","","","","","1%","4k7","*","R?","RES SMD 4.7K OHM 1% 1/10W 0402"
"ERJ-3EKF1002V","R0603_MD","","ERJ-3EKF1002V","","Panasonic Electronic Components","","SMD","1/10W","Digi-Key","","","","","","","P10.0KHCT-ND","","","","","","","1%","10k","*","R?","RES SMD 10K OHM 1% 1/10W 0603"
"ERJ-3EKF1004V","R0603_MD","","ERJ-3EKF1004V","","Panasonic Electronic Components","","SMD","1/10W","Farnell","Newark","Mouser","Digi-Key","","","","2303325","64R5311","667-ERJ-3EKF1004V","P1.00MHCT-ND","","","","1%","1M","*","R?","RES 1M OHM 1/10W 1% 0603 SMD"
"ERJ-3EKF1101V","R0603_MD","","ERJ-3EKF1101V","","Panasonic Electronic Components","","SMD","1/10W","Mouser","Digi-Key","","","","","","667-ERJ-3EKF1101V","P1.10KHCT-ND","","","","","","1%","1.1k","*","R?","RES SMD 1.1K OHM 1% 1/10W 0603"
"ERJ-3EKF1182V","R0603_MD","","ERJ-3EKF1182V","","Panasonic Electronic Components","","SMD","1/10W","Mouser","Digi-Key","Newark","Farnell","","","","667-ERJ-3EKF1182V","P11.8KHCT-ND","53W4517","2303194","","","","1%","11.8k","*","R?","RES 11.8K OHM 1/10W 1% 0603 SMD"
"ERJ-3EKF1801V","R0603_MD","","ERJ-3EKF1801V","","Panasonic Electronic Components","","SMD","1/10W","Digi-Key","Farnell","Newark","Mouser","","","","P1.80KHCT-ND","2303162RL","64R5324","667-ERJ-3EKF1801V","","","","1%","1.8k","*","R?","RES 1.8K OHM 1/10W 1% 0603 SMD"
"ERJ-3EKF1872V","R0603_MD","","ERJ-3EKF1872V","","Panasonic Electronic Components","","SMD","1/10W","Mouser","Newark","Farnell","Digi-Key","","","","667-ERJ-3EKF1872V","65T8360","2059429","P18.7KHCT-ND","","","","1%","18.7k","*","R?","RES SMD 18.7K OHM 1% 1/10W 0603"
"ERJ-3EKF18R7V","R0603_MD","","ERJ-3EKF18R7V","","Panasonic Electronic Components","","SMD","1/10W","Digi-Key","Newark","Mouser","Farnell","","","","P18.7HCT-ND","90W3144","667-ERJ-3EKF18R7V","2302990RL","","","","1%","18.7R","*","R?","RES 18.7 OHM 1/10W 1% 0603 SMD"
"ERJ-3EKF2001V","R0603_MD","","ERJ-3EKF2001V","","Panasonic Electronic Components","","SMD","1/10W","Digi-Key","Newark","","","","","","P2.00KHCT-ND","65T8366","","","","","","1%","2k","*","R?","RES SMD 2K OHM 1% 1/10W 0603"
"ERJ-3EKF2553V","R0603_MD","","ERJ-3EKF2553V","","Panasonic Electronic Components","","SMD","1/10W","Newark","Digi-Key","Allied","","","","","53W4576","P255KHCT-ND","70269435","","","","","1%","255k","*","R?","RES SMD 255K OHM 1% 1/10W 0603"
"ERJ-3EKF2701V","R0603_MD","","ERJ-3EKF2701V","","Panasonic Electronic Components","","SMD","1/10W","Newark","Mouser","Digi-Key","","","","","64R5334","667-ERJ-3EKF2701V","P2.70KHCT-ND","","","","","1%","2.7k","*","R?","RES SMD 2.7K OHM 1% 1/10W 0603"
"ERJ-3EKF3163V","R0603_MD","","ERJ-3EKF3163V","","Panasonic Electronic Components","","SMD","1/10W","Newark","Mouser","Digi-Key","Farnell","","","","53W4593","667-ERJ-3EKF3163V","P316KHCT-ND","2303268","","","","1%","316k","*","R?","RES 316K OHM 1/10W 1% 0603 SMD"
"ERJ-3EKF4701V","R0603_MD","","ERJ-3EKF4701V","","Panasonic Electronic Components","","SMD","1/10W","Digi-Key","","","","","","","P4.70KHCT-ND","","","","","","","1%","4.7k","*","R?","RES SMD 4.7K OHM 1% 1/10W 0603"
"ERJ-3EKF5492V","R0603_MD","","ERJ-3EKF5492V","","Panasonic Electronic Components","","SMD","1/10W","Allied","Digi-Key","Mouser","Farnell","Newark","","","70265856","P54.9KHCT-ND","667-ERJ-3EKF5492V","2059476","65T8488","","","1%","54.9k","*","R?","RES 54.9K OHM 1/10W 1% 0603 SMD"
"ERJ-3EKF6201V","R0603_MD","","ERJ-3EKF6201V","","Panasonic Electronic Components","","SMD","1/10W","Mouser","Newark","Digi-Key","Farnell","Allied","","","667-ERJ-3EKF6201V","53W4660","P6.20KHCT-ND","2283164","70265874","","","1%","6.2k","*","R?","RES 6.2K OHM 1/10W 1% 0603 SMD"
"ERJ-3EKF7322V","R0603_MD","","ERJ-3EKF7322V","","Panasonic Electronic Components","","SMD","1/10W","Allied","Newark","Mouser","Digi-Key","Farnell","","","70265895","65T8517","667-ERJ-3EKF7322V","P73.2KHCT-ND","2059485","","","1%","73.2k","*","R?","RES 73.2K OHM 1/10W 1% 0603 SMD"
"ERJ-3EKF7501V","R0603_MD","","ERJ-3EKF7501V","","Panasonic Electronic Components","","SMD","1/10W","Newark","Mouser","Digi-Key","","","","","65T8520","667-ERJ-3EKF7501V","P7.50KHCT-ND","","","","","1%","7.5k","*","R?","RES SMD 7.5K OHM 1% 1/10W 0603"
"ERJ-3EKF9100V","R0603_MD","","ERJ-3EKF9100V","","Panasonic Electronic Components","","SMD","1/10W","Digi-Key","Newark","Farnell","Mouser","","","","P910HCT-ND","53W4691","1811768","667-ERJ-3EKF9100V","","","","1%","910R","*","R?","RES 910 OHM 1/10W 1% 0603 SMD"
"ERJ-3GEY0R00V","R0603_MD","","ERJ-3GEY0R00V","","Panasonic","","SMD","1/10W","Farnell","Digi-Key","Allied","Newark","Mouser","","","1652716","P0.0GCT-ND","70300175","65T8702","667-ERJ-3GEY0R00V","","","1%","0R","*","R?","RES 0.0 OHM 1/10W JUMP 0603 SMD"
"ERJ-3GEYJ102V","R0603_MD","","ERJ-3GEYJ102V","","Panasonic Electronic Components","","SMD","1/10W","Digi-Key","","","","","","","P1.0KGCT-ND","","","","","","","5%","1k","*","R?","RES SMD 1K OHM 5% 1/10W 0603"
"ERJ-3GEYJ202V","R0603_MD","","ERJ-3GEYJ202V","","Panasonic Electronic Components","","SMD","1/10W","Digi-Key","Newark","Mouser","Arrow","Farnell","","","P2.0KGCT-ND","97W7505","667-ERJ-3GEYJ202V","ERJ-3GEYJ202V**MULT1","2059609","","","5%","2k","*","R?","RES SMD 2K OHM 5% 1/10W 0603"
"ERJ-3GEYK126V","R0603_MD","","ERJ-3GEYK126V","","Panasonic Electronic Components","","SMD","1/10W","Digi-Key","Avnet","","","","","","P12MGCT-ND","ERJ-3GEYK126V/BKN","","","","","","10%","12M","*","R?","RES SMD 12M OHM 10% 1/10W 0603"
"ERJ-6ENF1002V","R0805_HD","R0805_MD","ERJ-6ENF1002V","","Panasonic - ECG","","SMD","1/8W","Mouser","Arrow","Digi-Key","Farnell","Newark","","","667-ERJ-6ENF1002V","3985874S1681230N1386","P10.0KCDKR-ND","2069605","64R5370","","","1%","10K","*","R?","RES 10.0K OHM 1/8W 1% 0805 SMD"
"ERJ-6ENF1182V","R0805_HD","","ERJ-6ENF1182V","","Panasonic Electronic Components","","SMD","1/8W","Newark","Farnell","Digi-Key","","","","","53W4719","2303660RL","P11.8KCCT-ND","","","","","1%","11.8KR","*","R?","RES SMD 11.8K OHM 1% 1/8W 0805"
"ERJ-6ENF1183V","R0805_MD","","ERJ-6ENF1183V","","Panasonic Electronic Components","","SMD","1/8W","Digi-Key","Newark","","","","","","P118KCDKR-ND","90W3265","","","","","","1%","118KR","*","R?","RES SMD 118K OHM 1% 1/8W 0805"
"ERJ-6ENF1243V","C0805_HD","","ERJ-6ENF1243V","","Panasonic Electronic Components","","SMD","1/8W","Newark","Digi-Key","","","","","","85Y8997","P124KCDKR-ND","","","","","","1%","124KR","*","R?","RES SMD 124K OHM 1% 1/8W 0805"
"ERJ-6ENF2431V","R0805_HD","","ERJ-6ENF2431V","","Panasonic Electronic Components","","SMD","1/8W","Digi-Key","Farnell","","","","","","P2.43KCDKR-ND","1652975","","","","","","1%","2.43KR","*","R?","RES SMD 2.43K OHM 1% 1/8W 0805"
"ERJ-6GEY0R00V","R0805_MD","","ERJ-6GEY0R00V","","Panasonic Electronic Components","","SMD","1/8W","Digi-Key","","","","","","","P0.0ATR-ND","","","","","","","","0R","*","R?","RES SMD 0.0 OHM JUMPER 1/8W 0805"
"ERJ-8BWFR100V","R1206_MD","","ERJ-8BWFR100V","","Panasonic Electronic Components","","SMD","1W","Allied","Newark","Digi-Key","","","","","70266165","08N2429","P.10AUCT-ND","","","","","1%","0.1R","*","R?","SMD 0.1 OHM 1% 1W 1206"
"ERJ-8CWFR050V","R1206_MD","","ERJ-8CWFR050V","","Panasonic Electronic Components","","SMD","1W","Farnell","Digi-Key","","","","","","2253991","P0.05BVCT-ND","","","","","","1%","0.05R","*","R?","RES SMD 0.05 OHM 1% 1W 1206"
"ERJ-8RSJR20V","R1206_MD","","ERJ-8RSJR20V","","Panasonic Electronic Components","","SMD","1/4W","Digi-Key","Mouser","Newark","","","","","P.20PCT-ND","667-ERJ-8RSJR20V","52W1139","","","","","5%","0.2R","*","R?","RES 0.2 OHM 1/4W 5% 1206 SMD"
"ERJ-P08J222V","R1206_MD","","ERJ-P08J222V","","Panasonic Electronic Components","","SMD","2/3W","Digi-Key","Newark","","","","","","P2.2KALCT-ND","50W5794","","","","","","5%","2.2KR","*","R?","RES SMD 2.2K OHM 5% 2/3W 1206"
"ERJ-PA3F1000V","R0603_MD","","ERJ-PA3F1000V","","Panasonic Electronic Components","","SMD","1/4W","Digi-Key","Newark","","","","","","P100BYCT-ND","84X4396","","","","","","1%","100R","*","R?","RES SMD 100 OHM 1% 1/4W 0603"
"ERJ-PA3F1001V","R0603_HD","","ERJ-PA3F1001V","","Panasonic Electronic Components","","SMD","1/4W","Digi-Key","","","","","","","P1.0KBYCT-ND","","","","","","","1%","1k","*","R?","RES SMD 1K OHM 1% 1/4W 0603"
"ERJ-PA3F1501V","R0603_HD","","ERJ-PA3F1501V","","Panasonic Electronic Components","","SMD","1/4W","Digi-Key","","","","","","","P1.5KBYCT-ND","","","","","","","1%","1.5K","*","R?","RES SMD 1.5K OHM 1% 1/4W 0603"
"ERJ-PA3F1801V","R0603_HD","","ERJ-PA3F1801V","","Panasonic Electronic Components","","SMD","1/4W","Digi-Key","","","","","","","P1.8KBYCT-ND","","","","","","","1%","1.8 k","*","R?","RES SMD 1.8K OHM 1% 1/4W 0603"
"ERJ-PA3F2201V","R0603_MD","","ERJ-PA3F2201V","","Panasonic Electronic Components","","SMD","1/4W","Digi-Key","","","","","","","P2.2KBYCT-ND","","","","","","","1%","2k2","*","R?","RES SMD 2.2K OHM 1% 1/4W 0603"
"ERJ-PB3B1003V","R0603_MD","","ERJ-PB3B1003V","","Panasonic Electronic Components","","SMD","1/5W","Digi-Key","","","","","","","P20200CT-ND","","","","","","","0.1%","100k","*","R?","RES SMD 100K OHM 0.1% 1/5W 0603"
"ERJ-PB3B1501V","R0603_MD","","ERJ-PB3B1501V","","Panasonic Electronic Components","","SMD","1/5W","Digi-Key","","","","","","","P19990CT-ND","","","","","","","0.1%","1.5k","*","R?","RES SMD 1.5K OHM 0.1% 1/5W 0603"
"ERJ-PB3B6492V","R0603_MD","","ERJ-PB3B6492V","","Panasonic Electronic Components","","SMD","1/5W","Digi-Key","","","","","","","P20179CT-ND","","","","","","","0.1%","64.9k","*","R?","RES SMD 64.9K OHM 0.1% 1/5W 0603"
"ERJ-PB6B1071V","R0805_MD","","ERJ-PB6B1071V","","Panasonic Electronic Components","","SMD","0.25W, 1/4W","Digi-Key","Digi-Key","Mouser","","","","","P20597CT-ND","P20597DKR-ND","Anonymous Daily Limit Reached","","","","","0.1%","1.07kR","*","R?","RES SMD 1.07K OHM 0.1% 1/4W 0805"
"ERJ-PB6D1001V","R0805_MD","","ERJ-PB6D1001V","","Panasonic Electronic Components","","SMD","1/4W","Digi-Key","","","","","","","P21019CT-ND","","","","","","","0.5%","1K","*","R?","RES SMD 1K OHM 0.5% 1/4W 0805"
"ERJ-PB6D1201V","R0805_MD","","ERJ-PB6D1201V","","Panasonic Electronic Components","","SMD","1/4W","Digi-Key","","","","","","","P21027CT-ND","","","","","","","0.5%","1.2KR","*","R?","RES SMD 1.2K OHM 0.5% 1/4W 0805"
"ERJ-PB6D2400V","R0805_MD","","ERJ-PB6D2400V","","Panasonic Electronic Components","","SMD","1/4W","Arrow","Digi-Key","","","","","","CMQpls--rDqUJW5etnI2Ef6Sk5DOtT91eUaGZR8iTcY","P20946CT-ND","","","","","","0.5%","240R","*","R?","RES SMD 240 OHM 0.5% 1/4W 0805"
"ERJ-PB6D3300V","R0805_MD","","ERJ-PB6D3300V","","Panasonic Electronic Components","","SMD","1/4W","Digi-Key","","","","","","","P20962CT-ND","","","","","","","0.5%","330R","*","R?","RES SMD 330 OHM 0.5% 1/4W 0805"
"ERJ-PB6D3900V","R0805_MD","R0805_HD","ERJ-PB6D3900V","","Panasonic Electronic Components","","SMD","1/4W","Digi-Key","Digi-Key","","","","","","","P20971DKR-ND","","","","","","0.5%","390R","*","R?","RES SMD 390 OHM 0.5% 1/4W 0805"
"ERJ-T06J181V","R0805_MD","","ERJ-T06J181V","","Panasonic Electronic Components","ERJ-T06J181V","SMD","1/4W","Digi-Key","","","","","","","ERJ-T06J181V-ND","","","","","","","5%","180R","*","R?","RES SMD 180 OHM 5% 1/4W 0805"
"ERJ-T06J221V","R0805_MD","","ERJ-T06J221V","","Panasonic Electronic Components","ERJ-T06J221V","SMD","1/4W","Digi-Key","","","","","","","ERJ-T06J221V-ND","","","","","","","5%","220R","*","R?","RES SMD 220 OHM 5% 1/4W 0805"
"ERO-S2PHF6801","RES_AXIAL_0.4","","ERO-S2PHF6801","","Panasonic Electronic Components","","PTH","1/4W","Digi-Key","Mouser","","","","","","P6.80KCACT-ND","667-ERO-S2PHF6801","","","","","","1%","6k8","*","R?","RES 6.8K OHM 1/4W 1% AXIAL"
"ESR03EZPF1003","R0603_MD","","ESR03EZPF1003","","Rohm Semiconductor","","SMD","1/4W","Digi-Key","","","","","","","RHM100KADCT-ND","","","","","","","1%","100K","*","R?","RES 100K OHM 1/4W 1% 0603 SMD"
"ESR03EZPF7502","R0603_MD","","ESR03EZPF7502","","Rohm Semiconductor","","SMD","1/4W","Digi-Key","","","","","","","RHM75.0KADCT-ND","","","","","","","1%","75K","*","R?","RES 75K OHM 1/4W 1% 0603 SMD"
"ESR03EZPJ104","R0603_MD","","ESR03EZPJ104","","Rohm Semiconductor","","SMD","1/4W","Digi-Key","","","","","","","RHM100KDCT-ND","","","","","","","5%","100K","*","R?","RES 100K OHM 1/4W 5% 0603 SMD"
"FMP100JR-52-47R","RES_AXIAL_0.1_VERT","","FMP100JR-52-47R","","Yageo","","PTH","1W","Digi-Key","Mouser","","","","","","47WCT-ND","603-FMP100JR-52-47R","","","","","","5%","47R","*","R?","RES 47 OHM 1W 5% AXIAL"
"KTR03EZPF7504","R0603_MD","","KTR03EZPF7504","","Rohm Semiconductor","","SMD","1/10W","Avnet","Digi-Key","","","","","","KTR03EZPF7504","RHM7.5MAYCT-ND","","","","","","1%","7.5M","*","R?","RES SMD 7.5M OHM 1% 1/10W 0603"
"LTR10EZPJ473","R0805_HD","","LTR10EZPJ473","","Rohm Semiconductor","","SMD","0.25W","Digi-Key","","","","","","","RHM47KBUCT-ND","","","","","","","5%","47KR","*","R?","RES SMD 47K OHM 1/4W 0805 WIDE"
"MCMR04X000 PTL","R0402_MD","","MCMR04X000 PTL","","MULTICOMP PRO","","SMD","1/10W","","","","","","","","","","","","","","","1%","0R","*","R?","RES 0 OHM 0402 SMD"
"MCR03ERTF1003","R0603_MD","","MCR03ERTF1003","","Rohm Semiconductor","","SMD","1/10W","Digi-Key","","","","","","","RHM100KCFCT-ND","","","","","","","1%","100K","*","R?","RES 100K OHM 1/10W 1% 0603 SMD"
"MCR03ERTF1004","R0603_MD","","MCR03ERTF1004","","Rohm Semiconductor","","SMD","1/10W","Digi-Key","","","","","","","RHM1.00MCFCT-ND","","","","","","","5%","1M","*","R?","RES 1M OHM 1/10W 5% 0603"
"MCR03ERTF1073","R0603_MD","","MCR03ERTF1073","","Rohm Semiconductor","","SMD","1/10W","Digi-Key","","","","","","","RHM107KCFCT-ND","","","","","","","1%","107k","*","R?","RES 107K OHM 1/10W 1% 0603 SMD"
"MCR03ERTF1102","R0603_MD","","MCR03ERTF1102","","Rohm Semiconductor","","SMD","1/10W","Mouser","Newark","Digi-Key","Farnell","","","","N/A","65T8315","RHM11KCFCT-ND","2130941","","","","1%","11k","*","R?","RES SMD 11K OHM 1% 1/10W 0603"
"MCR03ERTF1212","R0603_MD","","MCR03ERTF1212","","Rohm Semiconductor","","SMD","1/10W","Digi-Key","","","","","","","RHM12.1KCFCT-ND","","","","","","","1%","12.1k","*","R?","RES SMD 12.1K OHM 1% 1/10W 0603"
"MCR03ERTF1502","R0603_MD","","MCR03ERTF1502","","Rohm Semiconductor","","SMD","1/10W","Digi-Key","","","","","","","RHM15.0KCFCT-ND","","","","","","","1%","15k","*","R?","RES 15K OHM 1/10W 1% 0603 SMD"
"MCR03ERTF2001","R0603_MD","","MCR03ERTF2001","","Rohm Semiconductor","","SMD","1/10W","Digi-Key","","","","","","","RHM2.00KCFCT-ND","","","","","","","1%","2k","*","R?","RES 2k OHM 1/10W 1% 0603"
"MCR03ERTF2003","R0603_MD","","MCR03ERTF2003","","Rohm Semiconductor","","SMD","1/10W","Digi-Key","","","","","","","RHM200KCFCT-ND","","","","","","","1%","200k","*","R?","RES 200K OHM 1/10W 1% 0603 SMD"
"MCR03ERTF2201","R0603_MD","","MCR03ERTF2201","","Rohm Semiconductor","","SMD","1/10W","Digi-Key","Newark","","","","","","RHM2.20KCFCT-ND","64R5329","","","","","","1%","2.2k","*","R?","RES 2.2K OHM 1/10W 1% 0603 SMD"
"MCR03ERTF2202","R0603_MD","","MCR03ERTF2202","","Rohm Semiconductor","","SMD","1/10W","Digi-Key","Newark","","","","","","RHM22.0KCFCT-ND","64R5330","","","","","","1%","22k","*","R?","RES 22K OHM 1/10W 1% 0603 SMD"
"MCR03ERTF2213","R0603_MD","","MCR03ERTF2213","","Rohm Semiconductor","","SMD","1/10W","Digi-Key","","","","","","","RHM221KCFCT-ND","","","","","","","1%","221k","*","R?","RES 221K OHM 1/10W 1% 0603 SMD"
"MCR03ERTF2402","R0603_MD","","MCR03ERTF2402","","Rohm Semiconductor","","SMD","1/10W","Digi-Key","","","","","","","RHM24KCFCT-ND","","","","","","","1%","24K","*","R?","RES 24K OHM 1/10W 1% 0603 SMD"
"MCR03ERTF3300","R0603_MD","","MCR03ERTF3300","","Rohm Semiconductor","","SMD","1/10W","Newark","Digi-Key","Farnell","","","","","64R5338","RHM330CFCT-ND","2130815","","","","","1%","330R","*","R?","RES SMD 330 OHM 1% 1/10W 0603"
"MCR03ERTF3573","R0603_MD","","MCR03ERTF3573","","Rohm Semiconductor","","SMD","1/10W","Digi-Key","","","","","","","RHM357KCFCT-ND","","","","","","","1%","357k","*","R?","RES 357k OHM 1/10W 1% 0603"
"MCR03ERTF4301","R0603_MD","","MCR03ERTF4301","","Rohm Semiconductor","","SMD","1/10W","Digi-Key","","","","","","","RHM4.3KCFCT-ND","","","","","","","1%","4.3K","*","R?","RES 4.3K OHM 1/10W 1% 0603 SMD"
"MCR03ERTF4700","R0603_MD","","MCR03ERTF4700","","Rohm Semiconductor","","SMD","1/10W","Digi-Key","Newark","","","","","","RHM470CFDKR-ND","64R5348","","","","","","1%","470R","*","R?","RES 470 OHM 1/10W 1% 0603 SMD"
"MCR03ERTF5112","R0603_MD","","MCR03ERTF5112","","Rohm Semiconductor","","SMD","1/10W","Digi-Key","Newark","","","","","","RHM51.1KCFCT-ND","65T8479","","","","","","1%","51.1k","*","R?","RES 51.1K OHM 1/10W 1% 0603 SMD"
"MCR03ERTF6492","R0603_MD","","MCR03ERTF6492","","Rohm Semiconductor","","SMD","1/10W","Digi-Key","","","","","","","RHM64.9KCFCT-ND","","","","","","","1%","64.9k","*","R?","RES 64.9K OHM 1/10W 1% 0603 SMD"
"MCR03ERTF6800","R0603_MD","","MCR03ERTF6800","","Rohm Semiconductor","","SMD","1/10W","Digi-Key","Newark","Farnell","","","","","RHM680CFCT-ND","64R5358","2130843","","","","","1%","680R","*","R?","RES SMD 680 OHM 1% 1/10W 0603"
"MCR03ERTJ104","R0603_MD","","MCR03ERTJ104","","Rohm Semiconductor","","SMD","1/10W","Digi-Key","","","","","","","RHM100KCGCT-ND","","","","","","","5%","100K","*","R?","RES 100K OHM 1/10W 5% 0603 SMD"
"MCR03ERTJ203","R0603_MD","","MCR03ERTJ203","","Rohm Semiconductor","","SMD","1/10W","Digi-Key","","","","","","","RHM20KCGCT-ND","","","","","","","5%","20K","*","R?","RES 20K OHM 1/10W 5% 0603 SMD"
"MCT06030C1200FP500","R0603_MD","","MCT06030C1200FP500","","Vishay Beyschlag","","SMD","1/8W","Newark","Mouser","Digi-Key","","","","","63K9433","N/A","MCT0603-120-CFCT-ND","","","","","1%","120R","*","R?","RES 120 OHM 1/8W 1% SMD 0603"
"MCT06030C5600FP500","R0603_HD","","MCT06030C5600FP500","","Vishay Beyschlag","","SMD","1/8W","Mouser","Digi-Key","","","","","","N/A","MCT0603-560-CFCT-ND","","","","","","1%","560R","*","R?","RES 560 OHM 1/8W 1% SMD 0603"
"MCT06030C5601FP500","R0603_MD","","MCT06030C5601FP500","","Vishay Beyschlag","","SMD","1/8W","Mouser","Digi-Key","","","","","","594-MCT06030C5601FP5","MCT0603-5.60K-CFCT-ND","","","","","","1%","5k6","*","R?","RES SMD 5.6K OHM 1% 1/8W 0603"
"MF72-005D9","NTC_5mm","","MF72-005D9","3A","Cantherm","","PTH","","Digi-Key","","","","","","","317-1158-ND","","","","","","","20%","5R","*","R?","ICL 5 OHM 20% 3A 11MM"
"PR01000105602JR500","RES_AXIAL_0.4","","PR01000105602JR500","","Vishay BC Components","","PTH","1W","Newark","Farnell","Digi-Key","","","","","53M5176","1498428","PPC56KW-1CT-ND","","","","","5%","56K","*","R?","RES 56K OHM 1W 5% AXIAL"
"PR01000106209JR500","RES_AXIAL_0.4","","PR01000106209JR500","","Vishay BC Components","","PTH","1W","Farnell","Newark","Digi-Key","","","","","1629213","53M5182","PPC62W-1CT-ND","","","","","5%","62R","*","R?","RES 62 OHM 1W 5% AXIAL"
"RC0402FR-07102KL","R0402_MD","","RC0402FR-07102KL","","Yageo","","SMD","1/16W","","","","","","","","","","","","","","","1%","102k","*","R?","RES SMD 102K OHM 1% 1/16W 0402"
"RC0402FR-07105KL","R0402_MD","","RC0402FR-07105KL","","Yageo","","SMD","1/16W","","","","","","","","","","","","","","","1%","105k","*","R?","RES SMD 105K OHM 1% 1/16W 0402"
"RC0402FR-0710KL","R0402_MD","","RC0402FR-0710KL","","Yageo","","SMD","1/16W","","","","","","","","","","","","","","","1%","10k","*","R?","RES SMD 10K OHM 1% 1/16W 0402"
"RC0402FR-0711K8L","R0402_MD","","RC0402FR-0711K8L","","Yageo","","SMD","1/16W","","","","","","","","","","","","","","","1%","11.8k","*","R?","RES SMD 11.8K OHM 1% 1/16W 0402"
"RC0402FR-07162KL","R0402_MD","","RC0402FR-07162KL","","Yageo","","SMD","1/16W","","","","","","","","","","","","","","","1%","162k","*","R?","RES SMD 162K OHM 1% 1/16W 0402"
"RC0402FR-071K18L","R0402_MD","","RC0402FR-071K18L","","Yageo","","SMD","1/16W","","","","","","","","","","","","","","","1%","1.18k","*","R?","RES SMD 1.18K OHM 1% 1/16W 0402"
"RC0402FR-071K43L","R0402_MD","","RC0402FR-071K43L","","Yageo","","SMD","1/16W","","","","","","","","","","","","","","","1%","1.43k","*","R?","RES SMD 1.43K OHM 1% 1/16W 0402"
"RC0402FR-071KL","R0402_MD","","RC0402FR-071KL","","Yageo","","SMD","1/16W","","","","","","","","","","","","","","","1%","1k","*","R?","RES SMD 1K OHM 1% 1/16W 0402"
"RC0402FR-07205KL","R0402_MD","","RC0402FR-07205KL","","Yageo","","SMD","1/16W","","","","","","","","","","","","","","","1%","205k","*","R?","RES SMD 205K OHM 1% 1/16W 0402"
"RC0402FR-0721KL","R0402_MD","","RC0402FR-0721KL","","Yageo","","smd","1/16w","","","","","","","","","","","","","","","1%","21K","*","R?","RES SMD 21K OHM 1% 1/16W 0402"
"RC0402FR-07309KL","R0402_MD","","RC0402FR-07309KL","","Yageo","","SMD","1/16W","","","","","","","","","","","","","","","1%","309k","*","R?","RES SMD 309K OHM 1% 1/16W 0402"
"RC0402FR-07309RL","R0402_MD","","RC0402FR-07309RL","","Yageo","","SMD","1/16","","","","","","","","","","","","","","","1%","309R","*","R?","RES SMD 309 OHM 1% 1/16W 0402"
"RC0402FR-0730K9L","R0402_MD","","RC0402FR-0730K9L","","Yageo","","SMD","1/16W","","","","","","","","","","","","","","","1%","30.9k","*","R?","RES SMD 30.9K OHM 1% 1/16W 0402"
"RC0402FR-0747K5L","R0402_MD","","RC0402FR-0747K5L","","Yageo","","SMD","1/16W","","","","","","","","","","","","","","","1%","47.5k","*","R?","RES SMD 47.5K OHM 1% 1/16W 0402"
"RC0402FR-0747KL","R0402_MD","","RC0402FR-0747KL","","Yageo","","SMD","1/16W","","","","","","","","","","","","","","","1%","47k","*","R?","RES SMD 47K OHM 1% 1/16W 0402"
"RC0402FR-075K9L","R0402_MD","","RC0402FR-075K9L","","Yageo","","SMD","1/16W","","","","","","","","","","","","","","","1%","5.9k","*","R?","RES SMD 5.9K OHM 1% 1/16W 0402"
"RC0402FR-0786K6L","R0402_MD","","RC0402FR-0786K6L","","Yageo","","SMD","1/16W","","","","","","","","","","","","","","","1%","86.6k","*","R?","RES SMD 86.6K OHM 1% 1/16W 0402"
"RC0402FR-078K06L","R0402_MD","","RC0402FR-078K06L","","Yageo","","SMD","1/16W","","","","","","","","","","","","","","","1%","8.06k","*","R?","RES SMD 8.06K OHM 1% 1/16W 0402"
"RC0402FR-079K31L","R0402_MD","","RC0402FR-079K31L","","Yageo","","SMD","1/16W","","","","","","","","","","","","","","","1%","9.31k","*","R?","RES SMD 9.31K OHM 1% 1/16W 0402"
"RC0402JR-070RL","R0402_HD","","RC0402JR-070RL","","Yageo","","SMD","1/16W","Mouser","Digi-Key","Farnell","","","","","603-RC0402JR-070RL","311-0.0JRCT-ND","2131799","","","","","1%","0R","*","R?","RES SMD 0.0OHM JUMPER 1/16W 0402"
"RC0603FR-0710K5L","R0603_MD","","RC0603FR-0710K5L","","Yageo","","SMD","1/10W","Newark","Mouser","Digi-Key","Farnell","","","","66R1989","603-RC0603FR-0710K5L","311-10.5KHRCT-ND","1574014","","","","1%","10.5k","*","R?","RES SMD 10.5K OHM 1% 1/10W 0603"
"RC0603FR-0710KL","R0603_MD","","RC0603FR-0710KL","","Yageo","","SMD","1/10W","Farnell","Digi-Key","Arrow","","","","","9238603","311-10.0KHRCT-ND","AU0-sWIvaB4Tntd5J2Z1I9YZNFHLNzH303eNL1WA4Wg","","","","","1%","10k","*","R?","RES SMD 10K OHM 1% 1/10W 0603"
"RC0603FR-07110KL","R0603_MD","","RC0603FR-07110KL","","Yageo","","SMD","1/10W","Digi-Key","Newark","","","","","","311-110KHRCT-ND","66R2012","","","","","","1%","110k","*","R?","RES SMD 110K OHM 1% 1/10W 0603"
"RC0603FR-0712K1L","R0603_MD","","RC0603FR-0712K1L","","Yageo","","SMD","1/10W","Arrow","Digi-Key","Newark","Farnell","","","","HHzeSBzlIW_mYajVGGYRQqPgGRpiB9Uyxh5OgbNP2XM","311-12.1KHRCT-ND","68R0055","1799324","","","","1%","12.1k","*","R?","RES SMD 12.1K OHM 1% 1/10W 0603"
"RC0603FR-0712KL","R0603_MD","","RC0603FR-0712KL","","Yageo","","SMD","1/10W","Digi-Key","Newark","","","","","","311-12.0KHRCT-ND","68R0054","","","","","","1%","12k","*","R?","RES SMD 12K OHM 1% 1/10W 0603"
"RC0603FR-0713K7L","R0603_MD","","RC0603FR-0713K7L","","Yageo","","SMD","1/10W","Digi-Key","Newark","","","","","","311-13.7KHRCT-ND","66R2038","","","","","","1%","13.7k","*","R?","RES SMD 13.7K OHM 1% 1/10W 0603"
"RC0603FR-07150KL","R0603_MD","","RC0603FR-07150KL","","Yageo","","SMD","1/10W","Digi-Key","","","","","","","311-150KHRCT-ND","","","","","","","1%","150k","*","R?","RES 150K OHM 1/10W 1% 0603 SMD"
"RC0603FR-07150RL","R0603_MD","","RC0603FR-07150RL","","Yageo","","SMD","1/10W","Digi-Key","Farnell","Newark","","","","","311-150HRCT-ND","9330593","61J5348","","","","","1%","150R","*","R?","RES SMD 150 OHM 1% 1/10W 0603"
"RC0603FR-0715K8L","R0603_MD","","RC0603FR-0715K8L","","Yageo","","SMD","1/10W","Digi-Key","Farnell","","","","","","311-15.8KHRCT-ND","1151707","","","","","","1%","15.8k","*","R?","RES SMD 15.8K OHM 1% 1/10W 0603"
"RC0603FR-0715RL","R0603_MD","","RC0603FR-0715RL","","Yageo","","SMD","1/10W","Digi-Key","Avnet","Newark","","","","","311-15.0HRCT-ND","RC0603FR-0715RL","66R2063","","","","","1%","15R","*","R?","RES SMD 15 OHM 1% 1/10W 0603"
"RC0603FR-0718K2L","R0603_MD","","RC0603FR-0718K2L","","Yageo","","SMD","1/10W","Digi-Key","Newark","","","","","","311-18.2KHRCT-ND","66R2097","","","","","","1%","18.2k","*","R?","RES SMD 18.2K OHM 1% 1/10W 0603"
"RC0603FR-0719K1L","R0603_MD","","RC0603FR-0719K1L","","Yageo","","SMD","1/10W","Mouser","Newark","Farnell","Digi-Key","","","","603-RC0603FR-0719K1L","66R2108","2059430","311-19.1KHRCT-ND","","","","1%","19.1k","*","R?","RES SMD 19.1K OHM 1% 1/10W 0603"
"RC0603FR-071K5L","R0603_MD","","RC0603FR-071K5L","","Yageo","","SMD","1/10W","Arrow","Digi-Key","Newark","","","","","HHzeSBzlIW_mYajVGGYRQn2Xj-ESVGBvckTnFyP0R1g","311-1.50KHRCT-ND","68R0045","","","","","1%","1.5k","*","R?","RES SMD 1.5K OHM 1% 1/10W 0603"
"RC0603FR-071M5L","R0603_MD","","RC0603FR-071M5L","","Yageo","","SMD","1/10W","Digi-Key","Newark","","","","","","311-1.50MHRCT-ND","66R1957","","","","","","1%","1.5M","*","R?","RES SMD 1.5M OHM 1% 1/10W 0603"
"RC0603FR-071M8L","R0603_MD","","RC0603FR-071M8L","","Yageo","","SMD","1/10W","Digi-Key","Newark","Farnell","","","","","YAG3328CT-ND","98K7371","9238875RL","","","","","1%","1.8M","*","R?","RES SMD 1.8M OHM 1% 1/10W 0603"
"RC0603FR-0720K5L","C0603_MD","","RC0603FR-0720K5L","","Yageo","","SMD","1/10W","Digi-Key","Newark","","","","","","311-20.5KHRCT-ND","66R2170","","","","","","1%","20.5k","*","R?","RES SMD 20.5K OHM 1% 1/10W 0603"
"RC0603FR-0720KL","R0603_HD","","RC0603FR-0720KL","","Yageo","","SMD","1/10W","Farnell","Newark","Digi-Key","","","","","2363477","66R2169","311-20.0KHRCT-ND","","","","","1%","20K","*","R?","RES SMD 20K OHM 1% 1/10W 0603"
"RC0603FR-07220KL","R0603_MD","","RC0603FR-07220KL","","Yageo","","SMD","1/10W","Digi-Key","Newark","","","","","","311-220KHRCT-ND","68R0074","","","","","","1%","220k","*","R?","RES SMD 220K OHM 1% 1/10W 0603"
"RC0603FR-07220RL","R0603_MD","","RC0603FR-07220RL","","Yageo","","SMD","1/10W","Digi-Key","Farnell","Arrow","","","","","311-220HRCT-ND","9238409","HHzeSBzlIW_mYajVGGYRQigCYnQrtHPfYft1lKssdx8","","","","","1%","220R","*","R?","RES SMD 220 OHM 1% 1/10W 0603"
"RC0603FR-0722K1L","R0603_MD","","RC0603FR-0722K1L","","Yageo","","SMD","1/10W","Newark","Digi-Key","Arrow","","","","","66R2187","311-22.1KHRCT-ND","HHzeSBzlIW_mYajVGGYRQr9taIMVA93vveaTfOT19rMZVywxIBNyoAQstvnyfZZ0","","","","","1%","22.1k","*","R?","RES SMD 22.1K OHM 1% 1/10W 0603"
"RC0603FR-0722KL","R0603_MD","","RC0603FR-0722KL","","Yageo","","SMD","1/10W","Digi-Key","Newark","Farnell","","","","","311-22.0KHRCT-ND","58K4530","2333537","","","","","1%","22k","*","R?","RES SMD 22K OHM 1% 1/10W 0603"
"RC0603FR-07240RL","R0603_MD","","RC0603FR-07240RL","","Yageo","","SMD","1/10W","Farnell","Digi-Key","Newark","","","","","9330860","311-240HRCT-ND","65T8389","","","","","1%","240R","*","R?","RES SMD 240 OHM 1% 1/10W 0603"
"RC0603FR-0727RL","R0603_MD","","RC0603FR-0727RL","","Yageo","","SMD","1/10W","Mouser","Newark","Digi-Key","Farnell","","","","603-RC0603FR-0727RL","66R2232","311-27.0HRCT-ND","2130730","","","","1%","27R","*","R?","RES SMD 27 OHM 1% 1/10W 0603"
"RC0603FR-072K2L","R0603_MD","","RC0603FR-072K2L","","Yageo","","SMD","1/10W","Digikey","Newark","Mouser","Arrow","Farnell","","","311-2.20KHRCT-ND","75X0144","603-RC0603FR-072K2L","RC0603FR-072K2L**MULT1","2136082","","","1%","2.2k","*","R?","RES SMD 2.2K OHM 1% 1/10W 0603"
"RC0603FR-072K7L","R0603_MD","","RC0603FR-072K7L","","Yageo","","SMD","1/10W","Arrow","Newark","Digi-Key","","","","","HHzeSBzlIW_mYajVGGYRQkL84V7MCFdKTFUraIhCcNo","68R0067","311-2.70KHRCT-ND","","","","","1%","2.7k","*","R?","RES SMD 2.7K OHM 1% 1/10W 0603"
"RC0603FR-07324KL","R0603_MD","","RC0603FR-07324KL","","Yageo","","SMD","1/10W","Avnet","Digi-Key","Newark","","","","","RC0603FR-07324KL","311-324KHRCT-ND","66R2310","","","","","1%","324k","*","R?","RES SMD 324K OHM 1% 1/10W 0603"
"RC0603FR-07330RL","R0603_MD","","RC0603FR-07330RL","","Yageo","","SMD","1/10W","Farnell","Arrow","Digi-Key","","","","","9238425","HHzeSBzlIW_mYajVGGYRQnDLuhF_x2Ikkf3cs_TpRP4","311-330HRCT-ND","","","","","1%","330R","*","R?","RES SMD 330 OHM 1% 1/10W 0603"
"RC0603FR-0737K4L","R0603_MD","","RC0603FR-0737K4L","","Yageo","","SMD","1/10W","Newark","Digi-Key","","","","","","66R2340","311-37.4KHRCT-ND","","","","","","1%","37.4k","*","R?","RES SMD 37.4K OHM 1% 1/10W 0603"
"RC0603FR-073K3L","R0603_MD","","RC0603FR-073K3L","","Yageo","","SMD","1/10W","Arrow","Digi-Key","Newark","","","","","HHzeSBzlIW_mYajVGGYRQn88kX5SQzszSdrR7gglU2M","311-3.30KHRCT-ND","68R0079","","","","","1%","3.3k","*","R?","RES SMD 3.3K OHM 1% 1/10W 0603"
"RC0603FR-073KL","R0603_HD","","RC0603FR-073KL","","Yageo","","SMD","1/10W","Farnell","Mouser","Digi-Key","","","","","2059357","603-RC0603FR-073KL","311-3.00KHRCT-ND","","","","","1%","3K","*","R?","RES SMD 3K OHM 1% 1/10W 0603"
"RC0603FR-0741K2L","R0603_MD","","RC0603FR-0741K2L","","Yageo","","SMD","1/10W","Newark","Digi-Key","","","","","","66R2389","311-41.2KHRCT-ND","","","","","","1%","41.2k","*","R?","RES SMD 41.2K OHM 1% 1/10W 0603"
"RC0603FR-07487KL","R0603_MD","","RC0603FR-07487KL","","Yageo","","SMD","1/10W","Avnet","Digi-Key","Newark","","","","","RC0603FR-07487KL","311-487KHRCT-ND","66R2427","","","","","1%","487k","*","R?","RES SMD 487K OHM 1% 1/10W 0603"
"RC0603FR-0749R9L","R0603_MD","","RC0603FR-0749R9L","","Yageo","","SMD","1/10W","Mouser","Arrow","Farnell","Newark","Digikey","","","603-RC0603FR-0749R9L","RC0603FR-0749R9L**MULT1","1799347","66R2430","311-49.9HRCT-ND","","","1%","49.9R","*","R?","RES SMD 49.9 OHM 1% 1/10W 0603"
"RC0603FR-074K7L","R0603_MD","","RC0603FR-074K7L","","Yageo","","SMD","1/10W","Arrow","Newark","Digi-Key","","","","","HHzeSBzlIW_mYajVGGYRQvG05_nEY1YAZaAflCnd6SY","68R0092","311-4.70KHRCT-ND","","","","","1%","4.7k","*","R?","RES SMD 4.7K OHM 1% 1/10W 0603"
"RC0603FR-074K99L","R0603_MD","","RC0603FR-074K99L","","Yageo","","SMD","1/10W","Digikey","Newark","Mouser","Arrow","Farnell","","","311-4.99KHRCT-ND","68R0094","603-RC0603FR-074K99L","RC0603FR-074K99L**MULT1","1799345","","","1%","4.99k","*","R?","RES SMD 4.99K OHM 1% 1/10W 0603"
"RC0603FR-0751KL","R0603_MD","","RC0603FR-0751KL","","Yageo","","SMD","1/10W","Digi-Key","Arrow","Newark","","","","","311-51.0KHRCT-ND","HHzeSBzlIW_mYajVGGYRQtp5nzfjQNtg0esC0K6iio0","68R0103","","","","","1%","51k","*","R?","RES SMD 51K OHM 1% 1/10W 0603"
"RC0603FR-0757K6L","R0603_MD","","RC0603FR-0757K6L","","Yageo","","SMD","1/10W","Avnet","Newark","Digi-Key","","","","","RC0603FR-0757K6L","66R2482","311-57.6KHRCT-ND","","","","","1%","57.6k","*","R?","RES SMD 57.6K OHM 1% 1/10W 0603"
"RC0603FR-0768KL","R0603_MD","","RC0603FR-0768KL","","Yageo","","SMD","1/10W","Digi-Key","Newark","Farnell","","","","","311-68.0KHRCT-ND","64R5360","9331468","","","","","1%","68k","*","R?","RES SMD 68K OHM 1% 1/10W 0603"
"RC0603FR-0768RL","R0603_MD","","RC0603FR-0768RL","","Yageo","","SMD","1/10W","Digi-Key","","","","","","","311-68.0HRCT-ND","","","","","","","1%","68R","*","R?","RES SMD 68 OHM 1% 1/10W 0603"
"RC0603FR-07750RL","R0603_MD","","RC0603FR-07750RL","","Yageo","","SMD","1/10W","Newark","Digi-Key","","","","","","18X9916","311-750HRCT-ND","","","","","","1%","750R","*","R?","RES SMD 750 OHM 1% 1/10W 0603"
"RC0603FR-0775KL","R0603_MD","","RC0603FR-0775KL","","Yageo","","SMD","1/10W","Newark","Arrow","Digi-Key","Farnell","","","","68R0114","HHzeSBzlIW_mYajVGGYRQpXKTQ75eT0WFuiUntOwmGU","311-75.0KHRCT-ND","1799354","","","","1%","75k","*","R?","RES SMD 75K OHM 1% 1/10W 0603"
"RC0603FR-0775RL","R0603_MD","","RC0603FR-0775RL","","Yageo","","SMD","1/10W","Arrow","Digi-Key","Farnell","Newark","","","","HHzeSBzlIW_mYajVGGYRQna1sjMVMLMu82gB_ISoFnM","311-75.0HRCT-ND","1799355","68R0115","","","","1%","75R","*","R?","RES SMD 75 OHM 1% 1/10W 0603"
"RC0603FR-077K68L","R0603_MD","","RC0603FR-077K68L","","Yageo","","SMD","1/10W","Digi-Key","Mouser","Farnell","","","","","311-7.68KHRCT-ND","603-RC0603FR-077K68L","2059396","","","","","1%","7.68k","*","R?","RES SMD 7.68K OHM 1% 1/10W 0603"
"RC0603FR-0788K7L","R0603_MD","","RC0603FR-0788K7L","","Yageo","","SMD","1/10W","Arrow","Digi-Key","Newark","","","","","HHzeSBzlIW_mYajVGGYRQgbbCCdSfTy-St_AYsEl7mA","311-88.7KHRCT-ND","66R2609","","","","","1%","88.7k","*","R?","RES SMD 88.7K OHM 1% 1/10W 0603"
"RC0603FR-0791KL","R0603_MD","","RC0603FR-0791KL","","Yageo","","SMD","1/10W","Mouser","Digi-Key","Farnell","Newark","","","","603-RC0603FR-0791KL","311-91.0KHRCT-ND","2131016","66R2628","","","","1%","91k","*","R?","RES SMD 91K OHM 1% 1/10W 0603"
"RC0603FR-0795K3L","R0603_MD","","RC0603FR-0795K3L","","Yageo","","SMD","1/10W","Digi-Key","Newark","Mouser","","","","","311-95.3KHRCT-ND","66R2636","603-RC0603FR-0795K3L","","","","","1%","95.3k","*","R?","RES 95.3K OHM 1/10W 1% 0603 SMD"
"RC0603FR-079K53L","R0603_MD","","RC0603FR-079K53L","","Yageo","","SMD","1/10W","Digi-Key","Newark","","","","","","311-9.53KHRCT-ND","66R2616","","","","","","1%","9.53k","*","R?","RES SMD 9.53K OHM 1% 1/10W 0603"
"RC0603JR-070RL","R0603_MD","","RC0603JR-070RL","","Yageo","","SMD","1/10W","Farnell","Newark","Digi-Key","Arrow","","","","2131805","02J2264","311-0.0GRCT-ND","NOOxXiZmuFFWwHGktAx6KZIE4j1Ts4yRWeDZ5n6Nj88","","","","1%","0R","*","R?","RES SMD 0.0OHM JUMPER 1/10W 0603"
"RC0805FR-07100KL","R0805_MD","","RC0805FR-07100KL","","Yageo","","SMD","1/8W","Digi-Key","Arrow","Farnell","Newark","Newark","Digi-Key","Digi-Key","311-100KCRTR-ND","1THYhGBE17xvTT38ZUOyjbO8tpcKgYeM4xD_RbZc9c4","9237879","68R0231","32K2766","311-100KCRCT-ND","311-100KCRDKR-ND","1%","100KR","*","R?","RES SMD 100K OHM 1% 1/8W 0805"
"RC0805FR-07562KL","R0805_HD","","RC0805FR-07562KL","","Yageo","","SMD","1/8W","Newark","Digi-Key","Digi-Key","Arrow","Newark","","","90W3480","311-562KCRDKR-ND","311-562KCRCT-ND","1THYhGBE17xvTT38ZUOyjQWduXql9hYH4jFjVK1DFSsZVywxIBNyoAQstvnyfZZ0","53K0355","","","1%","562KR","*","R?","RES SMD 562K OHM 1% 1/8W 0805"
"RC1206JR-071KL","R1206_MD","","RC1206JR-071KL","","Yageo","","SMD","1/4W","Digi-Key","Farnell","","","","","","311-1.0KERCT-ND","1799519","","","","","","5%","1k","*","R?","RES SMD 1K OHM 5% 1/4W 1206"
"RC1206JR-074R7L","R1206_MD","","RC1206JR-074R7L","","Yageo","","SMD","1/4W","Digi-Key","Arrow","Farnell","Digi-Key","","","","311-4.7ERDKR-ND","HmS-vphH2GbmSwc7gOw51FfJF8u_v-8n4GWYPJqMolo","1570831","311-4.7ERCT-ND","","","","5%","4.7R","*","R?","RES SMD 4.7 OHM 5% 1/4W 1206"
"RC1608F1872CS","R0603_MD","","RC1608F1872CS","","Samsung Electro-Mechanics America, Inc","","SMD","1/10W","Digi-Key","","","","","","","1276-3494-1-ND","","","","","","","1%","18.7k","*","R?","RES 18.7k OHM 1/10W 1% 0603"
"RC1608F2054CS","R0603_MD","","RC1608F2054CS","","Samsung Electro-Mechanics America, Inc","","SMD","1/10W","Digi-Key","","","","","","","1276-4946-1-ND","","","","","","","1%","2.05M","*","R?","RES 2.05M OHM 1/10W 1% 0603"
"RC1608F2153CS","R0603_MD","","RC1608F2153CS","","Samsung Electro-Mechanics America, Inc","","SMD","1/10W","Digi-Key","","","","","","","1276-4865-1-ND","","","","","","","1%","215k","*","R?","RES 215k OHM 1/10W 1% 0603"
"RC1608F3322CS","R0603_MD","","RC1608F3322CS","","Samsung Electro-Mechanics America, Inc","","SMD","1/10W","Digi-Key","","","","","","","1276-4790-1-ND","","","","","","","1%","33.2k","*","R?","RES 33.2K OHM 1/10W 1% 0603"
"RC1608F394CS","R0603_MD","","RC1608F394CS","","Samsung Electro-Mechanics America, Inc","","SMD","1/10W","Digi-Key","","","","","","","1276-4892-1-ND","","","","","","","1%","390k","*","R?","RES 390K OHM 1/10W 1% 0603"
"RC1608F5R1CS","R0603_MD","","RC1608F5R1CS","","Samsung Electro-Mechanics America, Inc.","","SMD","1/10W","Digi-Key","","","","","","","1276-4488-1-ND","","","","","","","1%","5.1R","*","R?","RES SMD 5.1 OHM 1% 1/10W 0603"
"RC1608F6491CS","R0603_MD","","RC1608F6491CS","","Samsung Electro-Mechanics America, Inc","","SMD","1/10W","Digi-Key","","","","","","","1276-4726-1-ND","","","","","","","1%","6.49k","*","R?","RES 6.49K OHM 1/10W 1% 0603"
"RC1608F912CS","R0603_MD","","RC1608F912CS","","Samsung Electro-Mechanics America, Inc","","SMD","1/10W","Newark","Digi-Key","","","","","","52K8760","1276-4741-1-ND","","","","","","1%","9.1k","*","R?","RES 9.1K OHM 1/10W 1% 0603"
"RC1608F9532CS","R0603_MD","","RC1608F9532CS","","Samsung Electro-Mechanics America, Inc","","SMD","1/10W","Digi-Key","","","","","","","1276-4838-1-ND","","","","","","","1%","95.3k","*","R?","RES 95.3k OHM 1/10W 1% 0603"
"RC1608J100CS","R0603_MD","","RC1608J100CS","","Samsung Electro-Mechanics America. Inc","","SMD","1/10W","Digi-Key","","","","","","","1276-5014-1-ND","","","","","","","5%","10R","*","R?","RES 10 OHM 1/10W 5% 0603 SMD"
"RC1608J153CS","R0603_MD","","RC1608J153CS","","Samsung Electro-Mechanics America. Inc","","SMD","1/10W","Digi-Key","","","","","","","1276-5090-1-ND","","","","","","","5%","15K","*","R?","RES 15K OHM 1/10W 5% 0603 SMD"
"RC2512JK-070RL","R2512_HD","","RC2512JK-070RL","","Yageo","","SMD","1W","Digi-Key","Farnell","","","","","","YAG1232CT-ND","2309110","","","","","","Jumper","0R","*","R?","RES SMD 0.0 OHM JUMPER 1W 2512"
"RCS06030000Z0EA","R0603_HD","","RCS06030000Z0EA","","Vishay Dale","","SMD","1/4W","Mouser","Digi-Key","","","","","","Anonymous Daily Limit Reached","541-2779-6-ND","","","","","","0%","0R","*","R?","RES SMD 0.0 OHM JUMPER 1/4W 0603"
"RHM1.50KADCT-ND","R0603_MD","","RHM1.50KADCT-ND","","Rohm Semiconductor","","SMD","1/4W","Digi-Key","Mouser","Avnet","","","","","RHM1.50KADCT-ND","755-ESR03EZPF1501","ESR03EZPF1501","","","","","1%","1.5k","*","R?","RES SMD 1.5K OHM 1% 1/4W 0603"
"RMCF0603FT100R","R0603_MD","","RMCF0603FT100R","","Stackpole Electronics Inc","","SMD","1/10W","Digi-Key","Newark","","","","","","RMCF0603FT100RCT-ND","52K8078","","","","","","1%","100R","*","R?","RES 100 OHM 1/10W 1% 0603"
"RMCF0603FT10K0","R0603_MD","","RMCF0603FT10K0","","Stackpole Electronics Inc","","SMD","1/10W","Newark","Digi-Key","","","","","","26R4043","RMCF0603FT10K0CT-ND","","","","","","1%","10k","*","R?","RES 10K OHM 1/10W 1% 0603"
"RMCF0603FT10M0","R0603_MD","","RMCF0603FT10M0","","Stackpole Electronics Inc","","SMD","1/10W","Digi-Key","Mouser","","","","","","RMCF0603FT10M0CT-ND","N/A","","","","","","1%","10M","*","R?","RES 10M OHM 1/10W 1% 0603"
"RMCF0603FT11K3","R0603_MD","","RMCF0603FT11K3","","Stackpole Electronics Inc","","SMD","1/10W","Newark","Digi-Key","","","","","","42K3677","RMCF0603FT11K3CT-ND","","","","","","1%","11.3k","*","R?","RES 11.3K OHM 1/10W 1% 0603"
"RMCF0603FT121K","R0603_MD","","RMCF0603FT121K","","Stackpole Electronics Inc","","SMD","1/10W","Newark","Digi-Key","","","","","","52K8115","RMCF0603FT121KCT-ND","","","","","","1%","121k","*","R?","RES 121K OHM 1/10W 1% 0603"
"RMCF0603FT19K6","R0603_MD","","RMCF0603FT19K6","","Stackpole Electronics Inc","","SMD","1/10W","Newark","Mouser","Digi-Key","","","","","52K8214","N/A","RMCF0603FT19K6CT-ND","","","","","1%","19.6k","*","R?","RES 19.6K OHM 1/10W 1% 0603"
"RMCF0603FT1K20","R0603_MD","","RMCF0603FT1K20","","Stackpole Electronics Inc","","SMD","1/10W","Digi-Key","Newark","","","","","","RMCF0603FT1K20CT-ND","52K8025","","","","","","1%","1.2k","*","R?","RES 1.2K OHM 1/10W 1% 0603"
"RMCF0603FT1K50","R0603_MD","","RMCF0603FT1K50","","Stackpole Electronics Inc","","SMD","1/10W","Digi-Key","Newark","","","","","","RMCF0603FT1K50CT-ND","52K8036","","","","","","1%","1.5k","*","R?","RES 1.5K OHM 1/10W 1% 0603"
"RMCF0603FT1M00","R0603_MD","","RMCF0603FT1M00","","Stackpole Electronics Inc","","SMD","1/10W","Digi-Key","","","","","","","RMCF0603FT1M00CT-ND","","","","","","","1%","1M","*","R?","RES 1M OHM 1/10W 1% 0603"
"RMCF0603FT2K00","R0603_MD","","RMCF0603FT2K00","","Stackpole Electronics Inc","","SMD","1/10W","Newark","Digi-Key","","","","","","52K8223","RMCF0603FT2K00CT-ND","","","","","","1%","2k","*","R?","RES 2K OHM 1/10W 1% 0603"
"RMCF0603FT2K80","R0603_MD","","RMCF0603FT2K80","","Stackpole Electronics Inc","","SMD","1/10W","Digi-Key","Newark","","","","","","RMCF0603FT2K80CT-ND","52K8245","","","","","","1%","2.8k","*","R?","RES 2.8K OHM 1/10W 1% 0603"
"RMCF0603FT33R0","R0603_MD","","RMCF0603FT33R0","","Stackpole Electronics Inc","","SMD","1/10W","Digi-Key","","","","","","","RMCF0603FT33R0CT-ND","","","","","","","1%","33R","*","R?","RES 33 OHM 1/10W 1% 0603"
"RMCF0603FT38K3","R0603_MD","","RMCF0603FT38K3","","Stackpole Electronics Inc","","SMD","1/10W","Newark","Digi-Key","","","","","","52K8469","RMCF0603FT38K3CT-ND","","","","","","1%","38.3k","*","R?","RES 38.3K OHM 1/10W 1% 0603"
"RMCF0603FT3K30","R0603_MD","","RMCF0603FT3K30","","Stackpole Electronics Inc","","SMD","1/10W","Digi-Key","Newark","","","","","","RMCF0603FT3K30CT-ND","52K8376","","","","","","1%","3.3k","*","R?","RES 3.3K OHM 1/10W 1% 0603"
"RMCF0603FT3K57","R0603_MD","","RMCF0603FT3K57","","Stackpole Electronics Inc","","SMD","1/10W","Digi-Key","Newark","","","","","","RMCF0603FT3K57CT-ND","89M6753","","","","","","1%","3.57k","*","R?","RES 3.57K OHM 1/10W 1% 0603"
"RMCF0603FT46K4","R0603_MD","","RMCF0603FT46K4","","Stackpole Electronics Inc","","SMD","1/10W","Digi-Key","","","","","","","RMCF0603FT46K4CT-ND","","","","","","","1%","46.4k","*","R?","RES 46.4K OHM 1/10W 1% 0603"
"RMCF0603FT470K","R0603_MD","","RMCF0603FT470K","","Stackpole Electronics Inc","","SMD","1/10W","Digi-Key","","","","","","","RMCF0603FT470KCT-ND","","","","","","","1%","470k","*","R?","RES 470K OHM 1/10W 1% 0603"
"RMCF0603FT47K0","R0603_MD","","RMCF0603FT47K0","","Stackpole Electronics Inc","","SMD","1/10W","Digi-Key","","","","","","","RMCF0603FT47K0CT-ND","","","","","","","1%","47k","*","R?","RES 47K OHM 1/10W 1% 0603"
"RMCF0603FT47R0","R0603_MD","","RMCF0603FT47R0","","Stackpole Electronics Inc","","SMD","1/10W","Digi-Key","","","","","","","RMCF0603FT47R0CT-ND","","","","","","","1%","47R","*","R?","RES 47 OHM 1/10W 1% 0603"
"RMCF0603FT4K70","R0603_MD","","RMCF0603FT4K70","","Stackpole Electronics Inc","","SMD","1/10W","Digi-Key","","","","","","","RMCF0603FT4K70CT-ND","","","","","","","1%","4.7k","*","R?","RES 4.7K OHM 1/10W 1% 0603"
"RMCF0603FT51K0","R0603_MD","","RMCF0603FT51K0","","Stackpole Electronics Inc","","SMD","1/10W","Digi-Key","","","","","","","RMCF0603FT51K0CT-ND","","","","","","","1%","51k","*","R?","RES SMD 51K OHM 1% 1/10W 0603"
"RMCF0603FT560K","R0603_MD","","RMCF0603FT560K","","Stackpole Electronics Inc","","SMD","1/10W","Digi-Key","","","","","","","RMCF0603FT560KCT-ND","","","","","","","1%","560k","*","R?","RES 560K OHM 1/10W 1% 0603"
"RMCF0603FT56K0","R0603_MD","","RMCF0603FT56K0","","Stackpole Electronics Inc","","SMD","1/10W","Digi-Key","","","","","","","RMCF0603FT56K0CT-ND","","","","","","","1%","56k","*","R?","RES 56K OHM 1/10W 1% 0603"
"RMCF0603FT5K10","R0603_MD","","RMCF0603FT5K10","","Stackpole Electronics Inc","","SMD","1/10W","Digi-Key","","","","","","","RMCF0603FT5K10CT-ND","","","","","","","1%","5.1k","*","R?","RES 5.1K OHM 1/10W 1% 0603"
"RMCF0603FT620R","R0603_MD","","RMCF0603FT620R","","Stackpole Electronics Inc","","SMD","1/10W","Digi-Key","","","","","","","RMCF0603FT620RCT-ND","","","","","","","1%","620R","*","R?","RES 620 OHM 1/10W 1% 0603"
"RMCF0603FT8K20","R0603_MD","","RMCF0603FT8K20","","Stackpole Electronics Inc","","SMD","1/10W","Newark","Digi-Key","","","","","","52K8724","RMCF0603FT8K20CT-ND","","","","","","1%","8.2k","*","R?","RES 8.2K OHM 1/10W 1% 0603"
"RMCF0603FT8K87","R0603_MD","","RMCF0603FT8K87","","Stackpole Electronics Inc","","SMD","1/10W","Digi-Key","Newark","","","","","","RMCF0603FT8K87CT-ND","52K8730","","","","","","1%","8.87k","*","R?","RES 8.87K OHM 1/10W 1% 0603"
"RMCF0805JT4R70","R0805_HD","","RMCF0805JT4R70","","Stackpole Electronics Inc.","","SMD","1/8W","Farnell","Newark","Digi-Key","","","","","1514865","59M6913","RMCF0805JT4R70CT-ND","","","","","5%","4.7R","*","R?","RES SMD 4.7 OHM 5% 1/8W 0805"
"RMCF0805ZT0R00","R0805_MD","","RMCF0805ZT0R00","","Stackpole Electronics Inc","","SMD","1/8W","Newark","Digi-Key","","","","","","79M6013","RMCF0805ZT0R00CT-ND","","","","","","1%","0R","*","R?","RES 0.0 OHM 1/8W JUMP 0805"
"RMCF2010JT1K80","R2010_MD","","RMCF2010JT1K80","","Stackpole Electronics Inc","","SMD","3/4W","Digi-Key","","","","","","","RMCF2010JT1K80CT-ND","","","","","","","5%","1k8","*","R?","RES 1.8K OHM 3/4W 5% 2010"
"RNCP0603FTD1K00","R0603_MD","","RNCP0603FTD1K00","","Stackpole Electronics Inc","","SMD","1/8W","Digi-Key","","","","","","","RNCP0603FTD1K00CT-ND","","","","","","","1%","1k","*","R?","RES 1K OHM 1/8W 1% 0603"
"RNCP0603FTD9K09","R0603_MD","","RNCP0603FTD9K09","","Stackpole Electronics Inc","","SMD","1/8W","Digi-Key","","","","","","","RNCP0603FTD9K09CT-ND","","","","","","","1%","9.09k","*","R?","RES 9.09K OHM 1/8W 1% 0603"
"RNCP0805FTD10K0","R0805_MD","","RNCP0805FTD10K0","","Stackpole Electronics Inc.","","SMD","1/4W","Digi-Key","Farnell","Digi-Key","Digi-Key","Arrow","","","RNCP0805FTD10K0TR-ND","1576473","RNCP0805FTD10K0CT-ND","RNCP0805FTD10K0DKR-ND","Cr6bAvbXXfw9aDhrtEtfpCMPYzlChi6THi2wt_G3woc","","","1%","10KR","*","R?","RES SMD 10K OHM 1% 1/4W 0805"
"RNCP0805FTD150R","R0805_MD","","RNCP0805FTD150R","","Stackpole Electronics Inc.","","SMD","0.25W","Digi-Key","","","","","","","RNCP0805FTD150RCT-ND","","","","","","","1%","150R","*","R?","RES SMD 150 OHM 1% 1/4W 0805"
"RNCP0805FTD18K2","R0805_MD","","RNCP0805FTD18K2","","Stackpole Electronics Inc.","","SMD","1/4W","Digi-Key","","","","","","","RNCP0805FTD18K2CT-ND","","","","","","","1%","18KR","*","R?","RES SMD 18.2K OHM 1% 1/4W 0805"
"RNCP0805FTD1K00","R0805_MD","","RNCP0805FTD1K00","","Stackpole Electronics Inc.","","SMD","1/4W","Arrow","Digi-Key","","","","","","Cr6bAvbXXfw9aDhrtEtfpP4Qw9G0CbDuyktk-hMyCGE","RNCP0805FTD1K00DKR-ND","","","","","","1%","1KR","*","R?","RES SMD 1K OHM 1% 1/4W 0805"
"RNCP0805FTD1K50","R0805_MD","","RNCP0805FTD1K50","","Stackpole Electronics Inc.","","SMD","1/4W","Digi-Key","Digi-Key","","","","Digi-Key","","RNCP0805FTD1K50CT-ND","RNCP0805FTD1K50DKR-ND","","","","RNCP0805FTD1K50TR-ND","","1%","1k5","*","R?","RES SMD 1.5K OHM 1% 1/4W 0805"
"RNCP0805FTD22K1","R0805_MD","","RNCP0805FTD22K1","","Stackpole Electronics Inc.","","SMD","1/4W","Arrow","Digi-Key","Digi-Key","Digi-Key","","","","yaxfc_XJzLb6q6X2XdbqQDJh6jsctqqpvjmLy0SBzwU","RNCP0805FTD22K1TR-ND","RNCP0805FTD22K1CT-ND","RNCP0805FTD22K1DKR-ND","","","","1%","22K1R","*","R?","RES SMD 22.1K OHM 1% 1/4W 0805"
"RNCP0805FTD56K2","R0805_MD","","RNCP0805FTD56K2","","Stackpole Electronics Inc.","","SMD","1.5W","Mouser","Digi-Key","Digi-Key","Digi-Key","","","","Anonymous Daily Limit Reached","RNCP0805FTD56K2TR-ND","RNCP0805FTD56K2CT-ND","RNCP0805FTD56K2DKR-ND","","","","1%","56K2R","*","R?","RES SMD 56.2K OHM 1% 1/4W 0805"
"RNF12FTD100R","RES_AXIAL_0.4","","RNF12FTD100R","","Stackpole Electronics Inc","","PTH","1/2W","Digi-Key","","","","","","","RNF12FTD100RCT-ND","","","","","","","1%","100R","*","R?","RES 100 OHM 1/2W 1% AXIAL"
"RNF14FTD150K","RES_AXIAL_0.4","","RNF14FTD150K","","Stackpole Electronics Inc","","PTH","1/4W","","","","","","","","","","","","","","","1%","150k","*","R?","RES 150K OHM 1/4W 1% AXIAL"
"RNF14FTD1K00","RES_AXIAL_0.4","","RNF14FTD1K00","","Stackpole Electronics Inc.","","PTH","1/4W","Newark","Farnell","Digi-Key","","","","","92B3651","4677341","RNF14FTD1K00CT-ND","","","","","1%","1K","*","R?","RES 1K OHM 1/4W 1% AXIAL"
"RNF14FTD1M00","RES_AXIAL_0.4","","RNF14FTD1M00","","Stackpole Electronics Inc","","PTH","1/4W","Newark","Digi-Key","","","","","","67T0186","RNF14FTD1M00CT-ND","","","","","","1%","1M","*","R?","RES 1M OHM 1/4W 1% AXIAL"
"RNMF14FTC10K0","RES_AXIAL_0.4","","RNMF14FTC10K0","","Stackpole Electronics Inc","","PTH","1/4W","Digi-Key","","","","","","","S10KCATR-ND","","","","","","","1%","10k","*","R?","RES 10K OHM 1/4W 1% AXIAL"
"RNMF14FTC180R","RES_AXIAL_0.4","","RNMF14FTC180R","","Stackpole Electronics Inc","","PTH","1/4W","Digi-Key","","","","","","","S180CACT-ND","","","","","","","1%","180R","*","R?","RES 180 OHM 1/4W 1% AXIAL"
"RNMF14FTC220R","RES_AXIAL_0.4","","RNMF14FTC220R","","Stackpole Electronics Inc","","PTH","1/4W","Digi-Key","","","","","","","S220CACT-ND","","","","","","","1%","220R","*","R?","RES 220 OHM 1/4W 1% AXIAL"
"RNMF14FTC330R","RES_AXIAL_0.4","","RNMF14FTC330R","","Stackpole Electronics Inc","","PTH","1/4W","Digi-Key","","","","","","","S330CACT-ND","","","","","","","1%","330R","*","R?","RES 330 OHM 1/4W 1% AXIAL"
"RNMF14FTC39K0","RES_AXIAL_0.4","","RNMF14FTC39K0","","Stackpole Electronics Inc","","PTH","1/4W","Digi-Key","","","","","","","S39KCACT-ND","","","","","","","1%","39k","*","R?","RES 39K OHM 1/4W 1% AXIAL"
"RNMF14FTC3K00","RES_AXIAL_0.4","","RNMF14FTC3K00","","Stackpole Electronics Inc.","","PTH","1/4W","Digi-Key","","","","","","","S3KCACT-ND","","","","","","","1%","3K","*","R?","RES 3K OHM 1/4W 1% AXIAL"
"RNMF14FTC510R","RES_AXIAL_0.4","","RNMF14FTC510R","","Stackpole Electronics Inc.","","PTH","1/4W","Digi-Key","","","","","","","S510CACT-ND","","","","","","","1%","510R","*","R?","RES 510 OHM 1/4W 1% AXIAL"
"RNMF14FTC6K20","RES_AXIAL_0.4","","RNMF14FTC6K20","","Stackpole Electronics Inc.","","PTH","1/4W","Digi-Key","","","","","","","S6.2KCACT-ND","","","","","","","1%","6.2K","*","R?","RES 6.2K OHM 1/4W 1% AXIAL"
"RP73PF1E4K02BTD","R0402_MD","","RP73PF1E4K02BTD","","TE Connectivity Passive Product","","SMD","1/10W","","","","","","","","","","","","","","","0,1%","4k02","*","R?","RES 4.02K OHM 0.1% 1/10W 0402"
"RPC2512JT330R","R2512_MD","","RPC2512JT330R","","Stackpole Electronics Inc.","","SMD","1.5W","Arrow","Digi-Key","Digi-Key","Farnell","","","","yNegJvnE5V9WryrksIh88Kg3SSRUeSrh8gMpSJnf5xk","RPC2512JT330RCT-ND","RPC2512JT330RDKR-ND","1831572","","","","5%","330R","*","R?","RES SMD 330 OHM 5% 1.5W 2512"
"RT0603BRE07150KL","R0603_MD","","RT0603BRE07150KL","","Yageo","","SMD","1/10W","Digi-Key","","","","","","","YAG4629CT-ND","","","","","","","0.1%","150k","*","R?","RES SMD 150K OHM 0.1% 1/10W 0603"
"RT0603BRE078K25L","R0603_MD","","RT0603BRE078K25L","","Yageo","","SMD","1/10W","Digi-Key","Avnet","","","","","","YAG4782CT-ND","RT0603BRE078K25L","","","","","","0.1%","8.25k","*","R?","RES SMD 8.25KOHM 0.1% 1/10W 0603"
"RUT2012FR200CS","R0805_MD","","RUT2012FR200CS","","Samsung Electro-Mechanics America, Inc","","SMD","1/4W","Digi-Key","","","","","","","1276-6171-1-ND","","","","","","","1%","0.2R","*","R?","RES 0.2R OHM 1/4W 1% 0805"
"RUT5025FR120CS","R2010_MD","","RUT5025FR120CS","","Samsung Electro-Mechanics America","","smd","2/3w","Digi-Key","","","","","","","1276-6182-1-ND","","","","","","","1%","0.12R","*","R?","RES 0.12 OHM 2/3W 1% 2010"
"TRR03EZPF3004","R0603_MD","","TRR03EZPF3004","","Rohm Semiconductor","","SMD","1/10W","Digi-Key","","","","","","","RHM3MBJCT-ND","","","","","","","1%","3M","*","R?","RES 3M OHM 1/10W 1% 0603 SMD"
